1	Q0	table-0370-614	1	0.589	smarttable
1	Q0	table-1402-139	2	0.507833333333	smarttable
1	Q0	table-0914-101	3	0.439833333333	smarttable
1	Q0	table-1020-619	4	0.413625	smarttable
1	Q0	table-0914-103	5	0.411	smarttable
1	Q0	table-0552-510	6	0.394	smarttable
1	Q0	table-0255-236	7	0.384	smarttable
1	Q0	table-0552-511	8	0.383	smarttable
1	Q0	table-1391-8	9	0.366	smarttable
1	Q0	table-0037-411	10	0.365625	smarttable
1	Q0	table-0730-168	11	0.358	smarttable
1	Q0	table-0216-970	12	0.333	smarttable
1	Q0	table-1423-774	13	0.330888888889	smarttable
1	Q0	table-0216-976	14	0.328	smarttable
1	Q0	table-1042-895	15	0.247	smarttable
1	Q0	table-1452-662	16	0.245	smarttable
1	Q0	table-0063-827	17	0.243	smarttable
1	Q0	table-1000-57	18	0.22	smarttable
1	Q0	table-0464-505	19	0.21	smarttable
1	Q0	table-0904-852	20	0.196	smarttable
2	Q0	table-1408-871	1	0.999	smarttable
2	Q0	table-1552-729	2	0.974	smarttable
2	Q0	table-1408-874	3	0.947	smarttable
2	Q0	table-1408-870	4	0.924875	smarttable
2	Q0	table-1408-869	5	0.919875	smarttable
2	Q0	table-1621-634	6	0.748	smarttable
2	Q0	table-1578-197	7	0.719941176471	smarttable
2	Q0	table-0406-134	8	0.649	smarttable
2	Q0	table-0391-689	9	0.616	smarttable
2	Q0	table-0654-76	10	0.615	smarttable
2	Q0	table-0517-237	11	0.482	smarttable
2	Q0	table-1186-590	12	0.4797	smarttable
2	Q0	table-0218-15	13	0.478	smarttable
2	Q0	table-0620-231	14	0.4687	smarttable
2	Q0	table-0092-846	15	0.4577	smarttable
2	Q0	table-0891-125	16	0.4567	smarttable
2	Q0	table-0530-747	17	0.4507	smarttable
2	Q0	table-0517-363	18	0.4497	smarttable
2	Q0	table-0367-57	19	0.445941176471	smarttable
2	Q0	table-0391-82	20	0.4417	smarttable
3	Q0	table-0005-925	1	1.102	smarttable
3	Q0	table-0005-926	2	1.094	smarttable
3	Q0	table-0005-927	3	1.087	smarttable
3	Q0	table-0005-924	4	1.078	smarttable
3	Q0	table-0005-921	5	1.076	smarttable
3	Q0	table-0005-922	6	1.075	smarttable
3	Q0	table-0005-923	7	1.063	smarttable
3	Q0	table-1435-370	8	0.96	smarttable
3	Q0	table-0928-773	9	0.955	smarttable
3	Q0	table-0264-280	10	0.917	smarttable
3	Q0	table-0909-908	11	0.903	smarttable
3	Q0	table-0009-475	12	0.893	smarttable
3	Q0	table-0483-357	13	0.89	smarttable
3	Q0	table-1245-278	14	0.845	smarttable
3	Q0	table-1061-706	15	0.841	smarttable
3	Q0	table-1245-277	16	0.838	smarttable
3	Q0	table-0100-833	17	0.814	smarttable
3	Q0	table-0282-248	18	0.79	smarttable
3	Q0	table-0312-107	19	0.762	smarttable
3	Q0	table-0100-835	20	0.747	smarttable
4	Q0	table-1511-87	1	1.482	smarttable
4	Q0	table-1511-86	2	1.45	smarttable
4	Q0	table-1417-147	3	1.433	smarttable
4	Q0	table-1511-79	4	1.432	smarttable
4	Q0	table-1417-149	5	1.427	smarttable
4	Q0	table-1417-146	6	1.426	smarttable
4	Q0	table-1417-135	7	1.422	smarttable
4	Q0	table-1511-78	8	1.422	smarttable
4	Q0	table-1417-134	9	1.419	smarttable
4	Q0	table-1417-136	10	1.418	smarttable
4	Q0	table-1417-143	11	1.417	smarttable
4	Q0	table-1417-138	12	1.413	smarttable
4	Q0	table-1417-142	13	1.412	smarttable
4	Q0	table-1417-145	14	1.408	smarttable
4	Q0	table-1417-140	15	1.404	smarttable
4	Q0	table-1417-137	16	1.393	smarttable
4	Q0	table-1417-144	17	1.393	smarttable
4	Q0	table-1511-80	18	1.358	smarttable
4	Q0	table-1511-85	19	1.348	smarttable
4	Q0	table-1511-82	20	1.345	smarttable
5	Q0	table-0452-375	1	1.477	smarttable
5	Q0	table-1530-281	2	1.425	smarttable
5	Q0	table-1264-72	3	1.222	smarttable
5	Q0	table-0600-601	4	1.214	smarttable
5	Q0	table-0600-600	5	1.17	smarttable
5	Q0	table-0600-605	6	1.126	smarttable
5	Q0	table-0600-606	7	1.105	smarttable
5	Q0	table-0600-604	8	1.105	smarttable
5	Q0	table-0248-862	9	0.973	smarttable
5	Q0	table-1424-83	10	0.934	smarttable
5	Q0	table-1455-559	11	0.916	smarttable
5	Q0	table-1371-139	12	0.879	smarttable
5	Q0	table-0986-401	13	0.855	smarttable
5	Q0	table-1444-333	14	0.852	smarttable
5	Q0	table-1258-614	15	0.841	smarttable
5	Q0	table-0735-615	16	0.828	smarttable
5	Q0	table-0407-989	17	0.758	smarttable
5	Q0	table-1421-59	18	0.755	smarttable
5	Q0	table-1088-407	19	0.725	smarttable
5	Q0	table-1626-482	20	0.702	smarttable
6	Q0	table-0402-824	1	0.959189129687	smarttable
6	Q0	table-1588-343	2	0.948241176471	smarttable
6	Q0	table-0349-707	3	0.939841176471	smarttable
6	Q0	table-1506-649	4	0.921816176471	smarttable
6	Q0	table-1393-929	5	0.915774509804	smarttable
6	Q0	table-1495-660	6	0.870025	smarttable
6	Q0	table-0088-509	7	0.865841176471	smarttable
6	Q0	table-1280-419	8	0.8269	smarttable
6	Q0	table-0878-982	9	0.802122953216	smarttable
6	Q0	table-0729-805	10	0.794189129687	smarttable
6	Q0	table-1352-879	11	0.792427287582	smarttable
6	Q0	table-0708-8	12	0.784	smarttable
6	Q0	table-1495-661	13	0.783041176471	smarttable
6	Q0	table-1370-780	14	0.769	smarttable
6	Q0	table-0135-490	15	0.760545175439	smarttable
6	Q0	table-1359-957	16	0.737674509804	smarttable
6	Q0	table-1234-564	17	0.706649509804	smarttable
6	Q0	table-1421-346	18	0.705941176471	smarttable
6	Q0	table-1327-739	19	0.705470175439	smarttable
6	Q0	table-1393-928	20	0.700674509804	smarttable
7	Q0	table-0678-627	1	0.612	smarttable
7	Q0	table-0592-701	2	0.609	smarttable
7	Q0	table-0291-159	3	0.54	smarttable
7	Q0	table-0406-281	4	0.432	smarttable
7	Q0	table-0033-959	5	0.399	smarttable
7	Q0	table-0266-218	6	0.376	smarttable
7	Q0	table-0678-625	7	0.312	smarttable
7	Q0	table-0155-146	8	0.294	smarttable
7	Q0	table-0453-280	9	0.293	smarttable
7	Q0	table-0127-274	10	0.289	smarttable
7	Q0	table-1582-619	11	0.27	smarttable
7	Q0	table-0890-878	12	0.233	smarttable
7	Q0	table-0453-279	13	0.233	smarttable
7	Q0	table-1219-416	14	0.233	smarttable
7	Q0	table-1492-675	15	0.208	smarttable
7	Q0	table-1485-305	16	0.199	smarttable
7	Q0	table-0048-585	17	0.194	smarttable
7	Q0	table-0480-276	18	0.183	smarttable
7	Q0	table-0679-415	19	0.18	smarttable
7	Q0	table-0048-583	20	0.168	smarttable
8	Q0	table-0145-207	1	1.515	smarttable
8	Q0	table-0176-187	2	1.505	smarttable
8	Q0	table-0177-459	3	1.422	smarttable
8	Q0	table-1610-48	4	1.415	smarttable
8	Q0	table-1358-28	5	1.413	smarttable
8	Q0	table-0044-50	6	1.405	smarttable
8	Q0	table-0633-54	7	1.165	smarttable
8	Q0	table-1389-263	8	1.15	smarttable
8	Q0	table-1389-264	9	1.142	smarttable
8	Q0	table-1389-262	10	1.135	smarttable
8	Q0	table-0569-730	11	1.065	smarttable
8	Q0	table-0633-57	12	1.029	smarttable
8	Q0	table-0359-356	13	0.96	smarttable
8	Q0	table-1509-515	14	0.927	smarttable
8	Q0	table-0125-915	15	0.913	smarttable
8	Q0	table-0625-924	16	0.906	smarttable
8	Q0	table-0859-564	17	0.836	smarttable
8	Q0	table-0628-491	18	0.671	smarttable
8	Q0	table-0676-796	19	0.642	smarttable
8	Q0	table-0249-249	20	0.638	smarttable
9	Q0	table-1619-337	1	1.136	smarttable
9	Q0	table-1619-336	2	1.046	smarttable
9	Q0	table-0601-201	3	0.953	smarttable
9	Q0	table-0600-579	4	0.941	smarttable
9	Q0	table-0601-200	5	0.916	smarttable
9	Q0	table-0601-199	6	0.909	smarttable
9	Q0	table-0599-803	7	0.775	smarttable
9	Q0	table-0371-314	8	0.744	smarttable
9	Q0	table-0371-315	9	0.726	smarttable
9	Q0	table-1403-409	10	0.725	smarttable
9	Q0	table-0471-463	11	0.685888888889	smarttable
9	Q0	table-1402-475	12	0.608	smarttable
9	Q0	table-1415-938	13	0.512	smarttable
9	Q0	table-0550-41	14	0.511513888889	smarttable
9	Q0	table-1402-476	15	0.499	smarttable
9	Q0	table-0430-782	16	0.485625	smarttable
9	Q0	table-0148-456	17	0.483888888889	smarttable
9	Q0	table-0848-924	18	0.471888888889	smarttable
9	Q0	table-0585-98	19	0.43	smarttable
9	Q0	table-1627-471	20	0.409888888889	smarttable
10	Q0	table-1387-237	1	0.791	smarttable
10	Q0	table-0791-274	2	0.772	smarttable
10	Q0	table-1384-649	3	0.759	smarttable
10	Q0	table-1091-421	4	0.622	smarttable
10	Q0	table-1384-652	5	0.622	smarttable
10	Q0	table-1384-651	6	0.601	smarttable
10	Q0	table-1384-654	7	0.508	smarttable
10	Q0	table-0512-745	8	0.505375	smarttable
10	Q0	table-0384-352	9	0.489	smarttable
10	Q0	table-0384-354	10	0.475	smarttable
10	Q0	table-0384-350	11	0.465	smarttable
10	Q0	table-0384-349	12	0.464	smarttable
10	Q0	table-0152-596	13	0.46	smarttable
10	Q0	table-1384-653	14	0.457	smarttable
10	Q0	table-1462-369	15	0.429	smarttable
10	Q0	table-0384-348	16	0.428	smarttable
10	Q0	table-0384-351	17	0.421	smarttable
10	Q0	table-1398-928	18	0.392	smarttable
10	Q0	table-0984-275	19	0.352888888889	smarttable
10	Q0	table-0263-445	20	0.271	smarttable
11	Q0	table-0891-869	1	1.30581617647	smarttable
11	Q0	table-0891-868	2	1.23481617647	smarttable
11	Q0	table-1016-927	3	1.07281617647	smarttable
11	Q0	table-0362-968	4	1.07194117647	smarttable
11	Q0	table-0243-839	5	0.961	smarttable
11	Q0	table-1479-55	6	0.813874509804	smarttable
11	Q0	table-1256-358	7	0.809125	smarttable
11	Q0	table-0951-285	8	0.800716176471	smarttable
11	Q0	table-0028-393	9	0.790941176471	smarttable
11	Q0	table-1383-130	10	0.776841176471	smarttable
11	Q0	table-1479-56	11	0.764674509804	smarttable
11	Q0	table-1423-213	12	0.755874509804	smarttable
11	Q0	table-0179-26	13	0.754941176471	smarttable
11	Q0	table-1518-448	14	0.7419	smarttable
11	Q0	table-0763-39	15	0.741	smarttable
11	Q0	table-1627-735	16	0.739649509804	smarttable
11	Q0	table-0951-286	17	0.735716176471	smarttable
11	Q0	table-1111-100	18	0.7289	smarttable
11	Q0	table-0313-781	19	0.7229	smarttable
11	Q0	table-1283-492	20	0.7219	smarttable
12	Q0	table-1520-40	1	0.685	smarttable
12	Q0	table-1520-42	2	0.606	smarttable
12	Q0	table-1204-834	3	0.473	smarttable
12	Q0	table-0077-563	4	0.447	smarttable
12	Q0	table-0943-565	5	0.435	smarttable
12	Q0	table-0016-922	6	0.421	smarttable
12	Q0	table-0146-573	7	0.421	smarttable
12	Q0	table-1119-799	8	0.407	smarttable
12	Q0	table-1028-382	9	0.401	smarttable
12	Q0	table-1315-700	10	0.383	smarttable
12	Q0	table-1603-50	11	0.367	smarttable
12	Q0	table-0137-745	12	0.356	smarttable
12	Q0	table-0969-18	13	0.347	smarttable
12	Q0	table-0256-406	14	0.338	smarttable
12	Q0	table-1230-725	15	0.32	smarttable
12	Q0	table-1506-431	16	0.318	smarttable
12	Q0	table-0066-658	17	0.295	smarttable
12	Q0	table-1591-155	18	0.255	smarttable
12	Q0	table-0972-522	19	0.239	smarttable
12	Q0	table-0883-596	20	0.222	smarttable
13	Q0	table-0072-231	1	1.176	smarttable
13	Q0	table-0263-444	2	1.158	smarttable
13	Q0	table-1320-890	3	1.141	smarttable
13	Q0	table-0482-24	4	1.118	smarttable
13	Q0	table-1447-381	5	1.114	smarttable
13	Q0	table-0311-394	6	1.104	smarttable
13	Q0	table-1647-839	7	1.086	smarttable
13	Q0	table-0311-393	8	1.04	smarttable
13	Q0	table-1545-121	9	1.02966666667	smarttable
13	Q0	table-1613-935	10	1.0095	smarttable
13	Q0	table-0610-56	11	0.983666666667	smarttable
13	Q0	table-0686-862	12	0.965	smarttable
13	Q0	table-1447-380	13	0.94	smarttable
13	Q0	table-1597-359	14	0.832666666667	smarttable
13	Q0	table-0204-990	15	0.801666666667	smarttable
13	Q0	table-1640-284	16	0.797	smarttable
13	Q0	table-1036-133	17	0.785541666667	smarttable
13	Q0	table-1600-333	18	0.744	smarttable
13	Q0	table-1365-737	19	0.725	smarttable
13	Q0	table-0129-161	20	0.691	smarttable
14	Q0	table-0354-325	1	0.32	smarttable
14	Q0	table-0896-9	2	0.315	smarttable
14	Q0	table-0503-892	3	0.294	smarttable
14	Q0	table-1281-687	4	0.273	smarttable
14	Q0	table-0370-691	5	0.262	smarttable
14	Q0	table-1392-358	6	0.226	smarttable
14	Q0	table-1579-731	7	0.213	smarttable
14	Q0	table-1277-865	8	0.171	smarttable
14	Q0	table-1621-415	9	0.169045138889	smarttable
14	Q0	table-1647-73	10	0.109045138889	smarttable
14	Q0	table-0596-735	11	0.0950451388889	smarttable
14	Q0	table-0200-884	12	0.0930451388889	smarttable
14	Q0	table-0534-18	13	0.0590451388889	smarttable
14	Q0	table-1012-862	14	0.0570451388889	smarttable
14	Q0	table-1277-863	15	0.05	smarttable
14	Q0	table-1012-845	16	0.0490451388889	smarttable
14	Q0	table-1509-303	17	0.046	smarttable
14	Q0	table-1553-694	18	0.046	smarttable
14	Q0	table-0336-536	19	0.0430451388889	smarttable
14	Q0	table-1250-339	20	0.043	smarttable
15	Q0	table-1413-655	1	1.032	smarttable
15	Q0	table-1413-649	2	1.03	smarttable
15	Q0	table-1413-652	3	1.03	smarttable
15	Q0	table-1413-648	4	1.005	smarttable
15	Q0	table-1289-865	5	0.628	smarttable
15	Q0	table-0586-829	6	0.598	smarttable
15	Q0	table-0586-830	7	0.583	smarttable
15	Q0	table-1247-799	8	0.556	smarttable
15	Q0	table-0311-758	9	0.511	smarttable
15	Q0	table-0308-599	10	0.487	smarttable
15	Q0	table-0311-996	11	0.458058823529	smarttable
15	Q0	table-1332-348	12	0.456	smarttable
15	Q0	table-0312-70	13	0.446058823529	smarttable
15	Q0	table-0306-942	14	0.428	smarttable
15	Q0	table-0311-782	15	0.417	smarttable
15	Q0	table-0312-4	16	0.416058823529	smarttable
15	Q0	table-1014-3	17	0.406	smarttable
15	Q0	table-1247-798	18	0.396	smarttable
15	Q0	table-0842-845	19	0.387	smarttable
15	Q0	table-0312-44	20	0.370058823529	smarttable
16	Q0	table-0401-729	1	1.069	smarttable
16	Q0	table-0172-991	2	0.942946666667	smarttable
16	Q0	table-0096-57	3	0.856	smarttable
16	Q0	table-1180-888	4	0.832946666667	smarttable
16	Q0	table-0704-620	5	0.808	smarttable
16	Q0	table-1424-415	6	0.593666666667	smarttable
16	Q0	table-0523-269	7	0.593666666667	smarttable
16	Q0	table-0633-236	8	0.552	smarttable
16	Q0	table-0056-298	9	0.54128	smarttable
16	Q0	table-1441-100	10	0.491666666667	smarttable
16	Q0	table-0949-855	11	0.452946666667	smarttable
16	Q0	table-0431-12	12	0.44828	smarttable
16	Q0	table-1007-407	13	0.44	smarttable
16	Q0	table-1573-732	14	0.406666666667	smarttable
16	Q0	table-0766-472	15	0.393946666667	smarttable
16	Q0	table-0336-744	16	0.382946666667	smarttable
16	Q0	table-0811-503	17	0.38	smarttable
16	Q0	table-1515-757	18	0.36674474359	smarttable
16	Q0	table-1050-354	19	0.299	smarttable
16	Q0	table-1037-965	20	0.296541666667	smarttable
17	Q0	table-0677-684	1	0.737	smarttable
17	Q0	table-0160-841	2	0.611	smarttable
17	Q0	table-1258-777	3	0.598045138889	smarttable
17	Q0	table-1027-78	4	0.56	smarttable
17	Q0	table-1027-79	5	0.427045138889	smarttable
17	Q0	table-0140-687	6	0.397	smarttable
17	Q0	table-1216-304	7	0.395	smarttable
17	Q0	table-1007-884	8	0.385045138889	smarttable
17	Q0	table-1365-564	9	0.372045138889	smarttable
17	Q0	table-1365-563	10	0.353045138889	smarttable
17	Q0	table-0653-392	11	0.314045138889	smarttable
17	Q0	table-1554-655	12	0.297	smarttable
17	Q0	table-1499-448	13	0.283045138889	smarttable
17	Q0	table-1347-281	14	0.239	smarttable
17	Q0	table-0158-962	15	0.227045138889	smarttable
17	Q0	table-1503-464	16	0.219	smarttable
17	Q0	table-0378-190	17	0.214	smarttable
17	Q0	table-0089-934	18	0.193	smarttable
17	Q0	table-0349-674	19	0.190045138889	smarttable
17	Q0	table-1564-931	20	0.187	smarttable
18	Q0	table-0650-177	1	1.406	smarttable
18	Q0	table-0650-179	2	1.281	smarttable
18	Q0	table-0650-180	3	1.238	smarttable
18	Q0	table-0650-178	4	1.176	smarttable
18	Q0	table-0024-849	5	1.078	smarttable
18	Q0	table-0024-851	6	1.063	smarttable
18	Q0	table-0024-850	7	1.045	smarttable
18	Q0	table-0148-534	8	1.044	smarttable
18	Q0	table-0024-852	9	1.018	smarttable
18	Q0	table-0884-203	10	1.002	smarttable
18	Q0	table-0176-451	11	0.919	smarttable
18	Q0	table-0884-202	12	0.917	smarttable
18	Q0	table-0493-911	13	0.882	smarttable
18	Q0	table-0575-375	14	0.879	smarttable
18	Q0	table-1526-871	15	0.86	smarttable
18	Q0	table-1526-870	16	0.852	smarttable
18	Q0	table-0588-469	17	0.839	smarttable
18	Q0	table-1526-873	18	0.838	smarttable
18	Q0	table-0575-338	19	0.837	smarttable
18	Q0	table-0899-963	20	0.827	smarttable
19	Q0	table-1453-180	1	0.536	smarttable
19	Q0	table-0540-631	2	0.51	smarttable
19	Q0	table-1453-184	3	0.506	smarttable
19	Q0	table-1453-178	4	0.502	smarttable
19	Q0	table-1453-183	5	0.476	smarttable
19	Q0	table-0944-63	6	0.453	smarttable
19	Q0	table-0090-107	7	0.423	smarttable
19	Q0	table-0649-521	8	0.305	smarttable
19	Q0	table-1508-452	9	0.304	smarttable
19	Q0	table-1605-522	10	0.287	smarttable
19	Q0	table-0009-819	11	0.278	smarttable
19	Q0	table-1388-434	12	0.262	smarttable
19	Q0	table-0432-545	13	0.241	smarttable
19	Q0	table-0292-548	14	0.237	smarttable
19	Q0	table-1643-299	15	0.236	smarttable
19	Q0	table-0578-304	16	0.23	smarttable
19	Q0	table-0388-272	17	0.18	smarttable
19	Q0	table-0477-224	18	0.174	smarttable
19	Q0	table-1352-420	19	0.154	smarttable
19	Q0	table-1387-379	20	0.152	smarttable
20	Q0	table-1591-498	1	1.554	smarttable
20	Q0	table-0202-12	2	1.351	smarttable
20	Q0	table-0552-212	3	1.228	smarttable
20	Q0	table-0636-282	4	1.10305882353	smarttable
20	Q0	table-1531-714	5	1.088	smarttable
20	Q0	table-1531-715	6	1.077	smarttable
20	Q0	table-1628-974	7	1.023	smarttable
20	Q0	table-1628-969	8	1.015	smarttable
20	Q0	table-1628-976	9	1.006	smarttable
20	Q0	table-1628-971	10	1.006	smarttable
20	Q0	table-0552-213	11	1.004	smarttable
20	Q0	table-1628-973	12	1.0	smarttable
20	Q0	table-1628-977	13	0.992	smarttable
20	Q0	table-1628-970	14	0.982	smarttable
20	Q0	table-0397-909	15	0.956	smarttable
20	Q0	table-0397-907	16	0.932	smarttable
20	Q0	table-1420-810	17	0.929	smarttable
20	Q0	table-0397-906	18	0.916	smarttable
20	Q0	table-0298-771	19	0.915666666667	smarttable
20	Q0	table-1628-972	20	0.907	smarttable
21	Q0	table-0057-386	1	0.931	smarttable
21	Q0	table-0222-392	2	0.87	smarttable
21	Q0	table-1350-462	3	0.791	smarttable
21	Q0	table-1207-486	4	0.646	smarttable
21	Q0	table-0167-101	5	0.364	smarttable
21	Q0	table-0825-384	6	0.347	smarttable
21	Q0	table-1227-229	7	0.32	smarttable
21	Q0	table-1483-428	8	0.309	smarttable
21	Q0	table-0496-390	9	0.245	smarttable
21	Q0	table-1636-686	10	0.229	smarttable
21	Q0	table-1151-607	11	0.22508	smarttable
21	Q0	table-1493-389	12	0.219	smarttable
21	Q0	table-0753-705	13	0.214	smarttable
21	Q0	table-1448-537	14	0.21008	smarttable
21	Q0	table-0061-292	15	0.21	smarttable
21	Q0	table-0098-94	16	0.20508	smarttable
21	Q0	table-1566-260	17	0.202	smarttable
21	Q0	table-0546-462	18	0.2	smarttable
21	Q0	table-1410-903	19	0.192	smarttable
21	Q0	table-0098-92	20	0.18808	smarttable
22	Q0	table-0570-258	1	0.522	smarttable
22	Q0	table-1383-553	2	0.406	smarttable
22	Q0	table-0532-499	3	0.315	smarttable
22	Q0	table-0640-506	4	0.269	smarttable
22	Q0	table-1582-187	5	0.23	smarttable
22	Q0	table-1626-811	6	0.228	smarttable
22	Q0	table-1360-400	7	0.225	smarttable
22	Q0	table-0366-775	8	0.193	smarttable
22	Q0	table-0366-773	9	0.193	smarttable
22	Q0	table-0366-777	10	0.185	smarttable
22	Q0	table-0406-400	11	0.172	smarttable
22	Q0	table-0295-94	12	0.169	smarttable
22	Q0	table-0039-982	13	0.163	smarttable
22	Q0	table-0173-237	14	0.154	smarttable
22	Q0	table-0401-930	15	0.138	smarttable
22	Q0	table-0591-574	16	0.119	smarttable
22	Q0	table-1390-483	17	0.115	smarttable
22	Q0	table-1649-739	18	0.112045138889	smarttable
22	Q0	table-1326-207	19	0.109	smarttable
22	Q0	table-0695-982	20	0.102	smarttable
23	Q0	table-0813-442	1	1.246	smarttable
23	Q0	table-0830-358	2	1.06	smarttable
23	Q0	table-1070-327	3	1.012	smarttable
23	Q0	table-0498-297	4	0.99	smarttable
23	Q0	table-1176-644	5	0.972	smarttable
23	Q0	table-0458-601	6	0.919	smarttable
23	Q0	table-0389-936	7	0.889	smarttable
23	Q0	table-1070-326	8	0.834	smarttable
23	Q0	table-1007-467	9	0.803	smarttable
23	Q0	table-1523-464	10	0.784	smarttable
23	Q0	table-1554-330	11	0.77	smarttable
23	Q0	table-1554-331	12	0.744	smarttable
23	Q0	table-0209-363	13	0.7067	smarttable
23	Q0	table-0103-625	14	0.679142857143	smarttable
23	Q0	table-1407-668	15	0.628	smarttable
23	Q0	table-1226-910	16	0.619	smarttable
23	Q0	table-0688-181	17	0.618142857143	smarttable
23	Q0	table-1420-880	18	0.617	smarttable
23	Q0	table-1256-357	19	0.583	smarttable
23	Q0	table-1579-470	20	0.572	smarttable
24	Q0	table-0521-802	1	0.787	smarttable
24	Q0	table-0521-809	2	0.776	smarttable
24	Q0	table-0521-820	3	0.772	smarttable
24	Q0	table-1492-782	4	0.772	smarttable
24	Q0	table-0521-839	5	0.772	smarttable
24	Q0	table-0521-832	6	0.771	smarttable
24	Q0	table-0521-808	7	0.769	smarttable
24	Q0	table-0521-811	8	0.768	smarttable
24	Q0	table-0521-825	9	0.763	smarttable
24	Q0	table-0581-69	10	0.752	smarttable
24	Q0	table-1492-796	11	0.749	smarttable
24	Q0	table-1416-853	12	0.749	smarttable
24	Q0	table-1492-779	13	0.747	smarttable
24	Q0	table-1492-793	14	0.745	smarttable
24	Q0	table-0165-694	15	0.744	smarttable
24	Q0	table-1492-801	16	0.743	smarttable
24	Q0	table-0165-702	17	0.738	smarttable
24	Q0	table-1492-778	18	0.732	smarttable
24	Q0	table-0166-529	19	0.725	smarttable
24	Q0	table-1492-789	20	0.724	smarttable
25	Q0	table-0569-902	1	1.997	smarttable
25	Q0	table-1469-456	2	1.99	smarttable
25	Q0	table-0569-906	3	1.988	smarttable
25	Q0	table-0569-905	4	1.988	smarttable
25	Q0	table-0569-903	5	1.982	smarttable
25	Q0	table-0569-904	6	1.982	smarttable
25	Q0	table-0569-907	7	1.968	smarttable
25	Q0	table-0569-908	8	1.961	smarttable
25	Q0	table-1469-454	9	1.953	smarttable
25	Q0	table-1469-453	10	1.952	smarttable
25	Q0	table-1469-451	11	1.949	smarttable
25	Q0	table-1469-455	12	1.948	smarttable
25	Q0	table-1469-452	13	1.938	smarttable
25	Q0	table-1469-457	14	1.906	smarttable
25	Q0	table-0569-909	15	1.872	smarttable
25	Q0	table-0569-899	16	1.801	smarttable
25	Q0	table-1469-448	17	1.783	smarttable
25	Q0	table-0969-3	18	1.669	smarttable
25	Q0	table-1469-458	19	1.566	smarttable
25	Q0	table-0569-900	20	1.526	smarttable
26	Q0	table-0529-770	1	0.736	smarttable
26	Q0	table-0529-771	2	0.715	smarttable
26	Q0	table-0387-60	3	0.659	smarttable
26	Q0	table-0387-47	4	0.56	smarttable
26	Q0	table-0952-496	5	0.516	smarttable
26	Q0	table-1479-337	6	0.319	smarttable
26	Q0	table-0218-222	7	0.275	smarttable
26	Q0	table-0713-460	8	0.24	smarttable
26	Q0	table-1295-621	9	0.203	smarttable
26	Q0	table-0511-959	10	0.201	smarttable
26	Q0	table-0837-299	11	0.19	smarttable
26	Q0	table-0001-249	12	0.185	smarttable
26	Q0	table-0677-673	13	0.165	smarttable
26	Q0	table-0180-427	14	0.138	smarttable
26	Q0	table-0675-954	15	0.136	smarttable
26	Q0	table-0675-934	16	0.134	smarttable
26	Q0	table-0675-896	17	0.134	smarttable
26	Q0	table-0677-812	18	0.133	smarttable
26	Q0	table-0349-8	19	0.131	smarttable
26	Q0	table-0676-39	20	0.127	smarttable
27	Q0	table-0007-925	1	0.428	smarttable
27	Q0	table-0610-22	2	0.349	smarttable
27	Q0	table-0065-495	3	0.336	smarttable
27	Q0	table-0296-506	4	0.289	smarttable
27	Q0	table-0610-21	5	0.272	smarttable
27	Q0	table-0007-924	6	0.267	smarttable
27	Q0	table-1533-500	7	0.252	smarttable
27	Q0	table-1349-560	8	0.21	smarttable
27	Q0	table-0383-589	9	0.203	smarttable
27	Q0	table-0695-860	10	0.169	smarttable
27	Q0	table-0763-642	11	0.169	smarttable
27	Q0	table-0208-817	12	0.158	smarttable
27	Q0	table-0795-251	13	0.133	smarttable
27	Q0	table-0329-723	14	0.125	smarttable
27	Q0	table-0804-473	15	0.111	smarttable
27	Q0	table-0804-475	16	0.108	smarttable
27	Q0	table-0295-899	17	0.106	smarttable
27	Q0	table-1482-277	18	0.097	smarttable
27	Q0	table-0867-91	19	0.09	smarttable
27	Q0	table-1645-396	20	0.084	smarttable
28	Q0	table-1116-768	1	1.127	smarttable
28	Q0	table-1116-904	2	1.066	smarttable
28	Q0	table-1117-4	3	0.846	smarttable
28	Q0	table-1117-80	4	0.782	smarttable
28	Q0	table-0011-449	5	0.544	smarttable
28	Q0	table-1014-332	6	0.5	smarttable
28	Q0	table-0104-408	7	0.478	smarttable
28	Q0	table-1571-795	8	0.475	smarttable
28	Q0	table-1188-685	9	0.397	smarttable
28	Q0	table-0011-452	10	0.395	smarttable
28	Q0	table-0011-447	11	0.386	smarttable
28	Q0	table-1518-807	12	0.384	smarttable
28	Q0	table-0587-13	13	0.378	smarttable
28	Q0	table-1014-330	14	0.352	smarttable
28	Q0	table-0833-571	15	0.351	smarttable
28	Q0	table-1320-478	16	0.336	smarttable
28	Q0	table-1583-420	17	0.311	smarttable
28	Q0	table-0011-448	18	0.3	smarttable
28	Q0	table-0230-966	19	0.286	smarttable
28	Q0	table-0050-517	20	0.258	smarttable
29	Q0	table-0356-611	1	1.549	smarttable
29	Q0	table-0355-804	2	1.539	smarttable
29	Q0	table-0355-972	3	1.533	smarttable
29	Q0	table-0355-422	4	1.532	smarttable
29	Q0	table-0356-511	5	1.52	smarttable
29	Q0	table-0111-77	6	1.519	smarttable
29	Q0	table-0357-725	7	1.516	smarttable
29	Q0	table-0357-944	8	1.514	smarttable
29	Q0	table-0151-397	9	1.387	smarttable
29	Q0	table-0356-174	10	1.374	smarttable
29	Q0	table-0358-30	11	1.367	smarttable
29	Q0	table-0427-720	12	1.355	smarttable
29	Q0	table-0428-148	13	1.349	smarttable
29	Q0	table-0428-156	14	1.346	smarttable
29	Q0	table-0356-842	15	1.339	smarttable
29	Q0	table-0428-136	16	1.338	smarttable
29	Q0	table-0428-118	17	1.331	smarttable
29	Q0	table-0357-162	18	1.328	smarttable
29	Q0	table-0427-703	19	1.324	smarttable
29	Q0	table-0357-364	20	1.322	smarttable
30	Q0	table-0105-711	1	0.613	smarttable
30	Q0	table-0520-188	2	0.542	smarttable
30	Q0	table-1012-983	3	0.522	smarttable
30	Q0	table-1012-982	4	0.474	smarttable
30	Q0	table-1253-977	5	0.467	smarttable
30	Q0	table-1253-987	6	0.45	smarttable
30	Q0	table-1253-970	7	0.445	smarttable
30	Q0	table-1253-975	8	0.444	smarttable
30	Q0	table-1253-974	9	0.436	smarttable
30	Q0	table-0092-887	10	0.421	smarttable
30	Q0	table-1434-888	11	0.421	smarttable
30	Q0	table-1253-973	12	0.409	smarttable
30	Q0	table-1303-115	13	0.4	smarttable
30	Q0	table-1253-982	14	0.391	smarttable
30	Q0	table-1253-984	15	0.385	smarttable
30	Q0	table-1253-972	16	0.383	smarttable
30	Q0	table-0884-479	17	0.368	smarttable
30	Q0	table-0779-302	18	0.356	smarttable
30	Q0	table-0971-924	19	0.312	smarttable
30	Q0	table-0732-148	20	0.307	smarttable
31	Q0	table-0873-520	1	0.789	smarttable
31	Q0	table-1565-676	2	0.756	smarttable
31	Q0	table-1565-710	3	0.709	smarttable
31	Q0	table-0257-379	4	0.686	smarttable
31	Q0	table-1565-65	5	0.665	smarttable
31	Q0	table-1287-861	6	0.655	smarttable
31	Q0	table-0202-113	7	0.586	smarttable
31	Q0	table-1549-983	8	0.558	smarttable
31	Q0	table-1537-765	9	0.551	smarttable
31	Q0	table-1517-710	10	0.548	smarttable
31	Q0	table-1537-751	11	0.487	smarttable
31	Q0	table-1197-397	12	0.484	smarttable
31	Q0	table-0730-628	13	0.475	smarttable
31	Q0	table-0017-237	14	0.43	smarttable
31	Q0	table-1590-536	15	0.409	smarttable
31	Q0	table-1244-685	16	0.377	smarttable
31	Q0	table-1594-912	17	0.373	smarttable
31	Q0	table-0405-992	18	0.367	smarttable
31	Q0	table-0583-846	19	0.361666666667	smarttable
31	Q0	table-1550-999	20	0.356	smarttable
32	Q0	table-0625-421	1	0.306	smarttable
32	Q0	table-0573-741	2	0.245	smarttable
32	Q0	table-0450-575	3	0.227	smarttable
32	Q0	table-1371-959	4	0.165	smarttable
32	Q0	table-0349-205	5	0.162	smarttable
32	Q0	table-0092-585	6	0.157	smarttable
32	Q0	table-0450-572	7	0.144	smarttable
32	Q0	table-0400-969	8	0.136	smarttable
32	Q0	table-0972-522	9	0.126	smarttable
32	Q0	table-0450-569	10	0.119	smarttable
32	Q0	table-0688-862	11	0.102	smarttable
32	Q0	table-0144-887	12	0.1	smarttable
32	Q0	table-0420-88	13	0.099	smarttable
32	Q0	table-1289-998	14	0.085	smarttable
32	Q0	table-1598-562	15	0.082	smarttable
32	Q0	table-1106-217	16	0.082	smarttable
32	Q0	table-1090-435	17	0.081	smarttable
32	Q0	table-1434-920	18	0.073	smarttable
32	Q0	table-0057-533	19	0.056	smarttable
32	Q0	table-1598-564	20	0.055	smarttable
33	Q0	table-1647-680	1	0.489	smarttable
33	Q0	table-0264-11	2	0.365	smarttable
33	Q0	table-0264-10	3	0.258	smarttable
33	Q0	table-0541-196	4	0.204	smarttable
33	Q0	table-0436-693	5	0.197	smarttable
33	Q0	table-0259-373	6	0.164	smarttable
33	Q0	table-0131-198	7	0.16	smarttable
33	Q0	table-1203-97	8	0.149	smarttable
33	Q0	table-1400-611	9	0.148	smarttable
33	Q0	table-0105-792	10	0.148	smarttable
33	Q0	table-0290-545	11	0.145	smarttable
33	Q0	table-0152-679	12	0.14	smarttable
33	Q0	table-0814-469	13	0.122	smarttable
33	Q0	table-1442-709	14	0.118	smarttable
33	Q0	table-0814-494	15	0.118	smarttable
33	Q0	table-0215-293	16	0.117	smarttable
33	Q0	table-0153-339	17	0.112	smarttable
33	Q0	table-0015-303	18	0.11	smarttable
33	Q0	table-0215-300	19	0.105	smarttable
33	Q0	table-0977-706	20	0.105	smarttable
34	Q0	table-1087-909	1	1.337	smarttable
34	Q0	table-1087-864	2	1.212	smarttable
34	Q0	table-1087-860	3	1.202	smarttable
34	Q0	table-1087-863	4	1.191	smarttable
34	Q0	table-1087-857	5	1.185	smarttable
34	Q0	table-1087-867	6	1.184	smarttable
34	Q0	table-1087-836	7	1.18	smarttable
34	Q0	table-1087-873	8	1.179	smarttable
34	Q0	table-1087-870	9	1.178	smarttable
34	Q0	table-1087-872	10	1.174	smarttable
34	Q0	table-0260-605	11	1.161	smarttable
34	Q0	table-1087-876	12	1.161	smarttable
34	Q0	table-1087-917	13	1.16	smarttable
34	Q0	table-1087-874	14	1.156	smarttable
34	Q0	table-0171-322	15	1.156	smarttable
34	Q0	table-1087-922	16	1.142	smarttable
34	Q0	table-1087-848	17	1.14	smarttable
34	Q0	table-0348-856	18	1.139	smarttable
34	Q0	table-1087-878	19	1.12	smarttable
34	Q0	table-0218-202	20	1.068	smarttable
35	Q0	table-0981-339	1	0.741	smarttable
35	Q0	table-0452-64	2	0.572	smarttable
35	Q0	table-1353-195	3	0.505	smarttable
35	Q0	table-0379-43	4	0.496	smarttable
35	Q0	table-1080-585	5	0.495	smarttable
35	Q0	table-0130-23	6	0.401	smarttable
35	Q0	table-1647-305	7	0.392	smarttable
35	Q0	table-1015-246	8	0.36	smarttable
35	Q0	table-0385-764	9	0.35	smarttable
35	Q0	table-0385-768	10	0.347	smarttable
35	Q0	table-1015-247	11	0.342	smarttable
35	Q0	table-0385-766	12	0.328	smarttable
35	Q0	table-0385-765	13	0.328	smarttable
35	Q0	table-0310-406	14	0.315	smarttable
35	Q0	table-0243-845	15	0.315	smarttable
35	Q0	table-1402-905	16	0.286	smarttable
35	Q0	table-1508-914	17	0.282	smarttable
35	Q0	table-1489-449	18	0.259	smarttable
35	Q0	table-0452-590	19	0.255	smarttable
35	Q0	table-0588-746	20	0.245	smarttable
36	Q0	table-0709-584	1	0.688	smarttable
36	Q0	table-0709-586	2	0.613	smarttable
36	Q0	table-0385-764	3	0.505	smarttable
36	Q0	table-0385-766	4	0.496	smarttable
36	Q0	table-0385-765	5	0.496	smarttable
36	Q0	table-0385-768	6	0.491	smarttable
36	Q0	table-1334-944	7	0.481	smarttable
36	Q0	table-0194-547	8	0.265	smarttable
36	Q0	table-1508-914	9	0.254	smarttable
36	Q0	table-0735-908	10	0.245	smarttable
36	Q0	table-1333-198	11	0.225	smarttable
36	Q0	table-0194-549	12	0.214	smarttable
36	Q0	table-0194-548	13	0.199	smarttable
36	Q0	table-1078-825	14	0.199	smarttable
36	Q0	table-0452-64	15	0.194	smarttable
36	Q0	table-1005-652	16	0.19	smarttable
36	Q0	table-0022-834	17	0.162	smarttable
36	Q0	table-0242-335	18	0.153	smarttable
36	Q0	table-1489-146	19	0.141	smarttable
36	Q0	table-1011-148	20	0.14	smarttable
37	Q0	table-0521-373	1	0.979155251142	smarttable
37	Q0	table-1639-747	2	0.948155251142	smarttable
37	Q0	table-1441-100	3	0.939	smarttable
37	Q0	table-1573-730	4	0.917	smarttable
37	Q0	table-1108-894	5	0.902155251142	smarttable
37	Q0	table-0687-978	6	0.901155251142	smarttable
37	Q0	table-0327-289	7	0.866155251142	smarttable
37	Q0	table-0123-682	8	0.835155251142	smarttable
37	Q0	table-1304-270	9	0.799155251142	smarttable
37	Q0	table-0105-711	10	0.721	smarttable
37	Q0	table-1375-531	11	0.719155251142	smarttable
37	Q0	table-1536-294	12	0.658	smarttable
37	Q0	table-0450-572	13	0.658	smarttable
37	Q0	table-0450-575	14	0.605	smarttable
37	Q0	table-0889-1	15	0.584155251142	smarttable
37	Q0	table-0253-730	16	0.554	smarttable
37	Q0	table-1616-533	17	0.506	smarttable
37	Q0	table-0935-684	18	0.483	smarttable
37	Q0	table-0999-325	19	0.478	smarttable
37	Q0	table-0999-323	20	0.478	smarttable
38	Q0	table-0520-707	1	1.206	smarttable
38	Q0	table-0116-212	2	1.074	smarttable
38	Q0	table-1017-538	3	1.055	smarttable
38	Q0	table-1451-328	4	0.843	smarttable
38	Q0	table-0507-56	5	0.805	smarttable
38	Q0	table-0001-400	6	0.687	smarttable
38	Q0	table-1017-458	7	0.653	smarttable
38	Q0	table-1650-920	8	0.638	smarttable
38	Q0	table-1205-318	9	0.63	smarttable
38	Q0	table-1386-110	10	0.622155251142	smarttable
38	Q0	table-0403-805	11	0.584355251142	smarttable
38	Q0	table-1640-953	12	0.579155251142	smarttable
38	Q0	table-1035-439	13	0.548355251142	smarttable
38	Q0	table-0571-533	14	0.542155251142	smarttable
38	Q0	table-0066-52	15	0.527155251142	smarttable
38	Q0	table-1292-436	16	0.51	smarttable
38	Q0	table-1388-470	17	0.507	smarttable
38	Q0	table-0386-284	18	0.493	smarttable
38	Q0	table-1363-588	19	0.488155251142	smarttable
38	Q0	table-1379-82	20	0.465155251142	smarttable
39	Q0	table-1524-733	1	0.911	smarttable
39	Q0	table-0809-4	2	0.56	smarttable
39	Q0	table-0217-467	3	0.487	smarttable
39	Q0	table-0435-533	4	0.44	smarttable
39	Q0	table-0116-621	5	0.435	smarttable
39	Q0	table-0806-57	6	0.347155251142	smarttable
39	Q0	table-0881-101	7	0.325	smarttable
39	Q0	table-0806-58	8	0.323155251142	smarttable
39	Q0	table-0191-235	9	0.292155251142	smarttable
39	Q0	table-1169-102	10	0.275	smarttable
39	Q0	table-1420-265	11	0.271155251142	smarttable
39	Q0	table-0806-54	12	0.244155251142	smarttable
39	Q0	table-1390-133	13	0.224155251142	smarttable
39	Q0	table-0136-378	14	0.216	smarttable
39	Q0	table-0919-677	15	0.210155251142	smarttable
39	Q0	table-0545-847	16	0.145	smarttable
39	Q0	table-1253-980	17	0.141155251142	smarttable
39	Q0	table-1604-500	18	0.127	smarttable
39	Q0	table-1631-302	19	0.121	smarttable
39	Q0	table-0285-770	20	0.109	smarttable
40	Q0	table-1031-634	1	1.426	smarttable
40	Q0	table-1269-149	2	1.078	smarttable
40	Q0	table-0880-38	3	0.977	smarttable
40	Q0	table-0899-319	4	0.932	smarttable
40	Q0	table-0484-507	5	0.908	smarttable
40	Q0	table-0780-807	6	0.875	smarttable
40	Q0	table-1455-165	7	0.812	smarttable
40	Q0	table-1331-131	8	0.787	smarttable
40	Q0	table-0474-779	9	0.777	smarttable
40	Q0	table-0268-65	10	0.765857142857	smarttable
40	Q0	table-0461-150	11	0.751	smarttable
40	Q0	table-1486-330	12	0.725	smarttable
40	Q0	table-1053-499	13	0.719	smarttable
40	Q0	table-0350-639	14	0.712	smarttable
40	Q0	table-0138-271	15	0.704	smarttable
40	Q0	table-1045-652	16	0.66	smarttable
40	Q0	table-0752-520	17	0.66	smarttable
40	Q0	table-1455-161	18	0.6499	smarttable
40	Q0	table-0268-63	19	0.627857142857	smarttable
40	Q0	table-0752-521	20	0.615	smarttable
41	Q0	table-1543-912	1	0.709	smarttable
41	Q0	table-1059-812	2	0.378	smarttable
41	Q0	table-1504-64	3	0.375	smarttable
41	Q0	table-0875-233	4	0.360155251142	smarttable
41	Q0	table-0887-971	5	0.359	smarttable
41	Q0	table-0706-50	6	0.356	smarttable
41	Q0	table-0750-134	7	0.347155251142	smarttable
41	Q0	table-0875-225	8	0.344155251142	smarttable
41	Q0	table-0750-136	9	0.344155251142	smarttable
41	Q0	table-0750-139	10	0.334155251142	smarttable
41	Q0	table-0750-129	11	0.328155251142	smarttable
41	Q0	table-0750-128	12	0.319155251142	smarttable
41	Q0	table-1160-576	13	0.318155251142	smarttable
41	Q0	table-0427-116	14	0.314	smarttable
41	Q0	table-0478-83	15	0.304155251142	smarttable
41	Q0	table-0875-224	16	0.297155251142	smarttable
41	Q0	table-0980-388	17	0.29	smarttable
41	Q0	table-0863-703	18	0.276155251142	smarttable
41	Q0	table-1477-808	19	0.275	smarttable
41	Q0	table-1122-431	20	0.274	smarttable
42	Q0	table-0498-296	1	0.486155251142	smarttable
42	Q0	table-1349-592	2	0.339	smarttable
42	Q0	table-0498-298	3	0.313155251142	smarttable
42	Q0	table-1397-842	4	0.309	smarttable
42	Q0	table-1216-279	5	0.287	smarttable
42	Q0	table-0498-295	6	0.269155251142	smarttable
42	Q0	table-0552-599	7	0.260155251142	smarttable
42	Q0	table-0012-931	8	0.241	smarttable
42	Q0	table-1396-735	9	0.238155251142	smarttable
42	Q0	table-1640-316	10	0.234	smarttable
42	Q0	table-0291-10	11	0.219	smarttable
42	Q0	table-1396-736	12	0.209155251142	smarttable
42	Q0	table-0496-732	13	0.196	smarttable
42	Q0	table-0356-179	14	0.181155251142	smarttable
42	Q0	table-0302-912	15	0.176155251142	smarttable
42	Q0	table-1480-745	16	0.161	smarttable
42	Q0	table-1258-760	17	0.134	smarttable
42	Q0	table-1616-401	18	0.118	smarttable
42	Q0	table-0462-401	19	0.109155251142	smarttable
42	Q0	table-1396-738	20	0.103218743205	smarttable
43	Q0	table-1612-261	1	0.529155251142	smarttable
43	Q0	table-1612-172	2	0.502155251142	smarttable
43	Q0	table-1611-936	3	0.471	smarttable
43	Q0	table-1611-930	4	0.459155251142	smarttable
43	Q0	table-1611-466	5	0.453155251142	smarttable
43	Q0	table-1609-798	6	0.442155251142	smarttable
43	Q0	table-1612-211	7	0.442155251142	smarttable
43	Q0	table-1612-3	8	0.405155251142	smarttable
43	Q0	table-1611-968	9	0.395155251142	smarttable
43	Q0	table-1612-83	10	0.377155251142	smarttable
43	Q0	table-1611-975	11	0.360155251142	smarttable
43	Q0	table-1611-469	12	0.348155251142	smarttable
43	Q0	table-1612-102	13	0.347155251142	smarttable
43	Q0	table-1611-882	14	0.340155251142	smarttable
43	Q0	table-1611-551	15	0.330155251142	smarttable
43	Q0	table-1612-207	16	0.318155251142	smarttable
43	Q0	table-1616-344	17	0.314155251142	smarttable
43	Q0	table-1612-84	18	0.300155251142	smarttable
43	Q0	table-1611-535	19	0.291155251142	smarttable
43	Q0	table-1618-598	20	0.290155251142	smarttable
44	Q0	table-0698-536	1	1.056	smarttable
44	Q0	table-1528-923	2	0.954	smarttable
44	Q0	table-0698-538	3	0.921	smarttable
44	Q0	table-0698-537	4	0.906155251142	smarttable
44	Q0	table-0351-374	5	0.554	smarttable
44	Q0	table-1591-383	6	0.538	smarttable
44	Q0	table-0412-643	7	0.474	smarttable
44	Q0	table-0351-399	8	0.465	smarttable
44	Q0	table-0393-510	9	0.418	smarttable
44	Q0	table-1008-629	10	0.402155251142	smarttable
44	Q0	table-1562-617	11	0.365	smarttable
44	Q0	table-0863-916	12	0.351	smarttable
44	Q0	table-1008-630	13	0.349155251142	smarttable
44	Q0	table-0726-562	14	0.263155251142	smarttable
44	Q0	table-0472-530	15	0.258155251142	smarttable
44	Q0	table-0294-28	16	0.254	smarttable
44	Q0	table-0208-734	17	0.226	smarttable
44	Q0	table-1623-754	18	0.187155251142	smarttable
44	Q0	table-1623-755	19	0.187155251142	smarttable
44	Q0	table-1428-973	20	0.137218743205	smarttable
45	Q0	table-0497-395	1	0.89	smarttable
45	Q0	table-0241-136	2	0.523	smarttable
45	Q0	table-1075-885	3	0.374	smarttable
45	Q0	table-1031-997	4	0.366	smarttable
45	Q0	table-0998-667	5	0.344	smarttable
45	Q0	table-1164-628	6	0.298155251142	smarttable
45	Q0	table-0394-190	7	0.291	smarttable
45	Q0	table-0446-837	8	0.279	smarttable
45	Q0	table-0948-51	9	0.272	smarttable
45	Q0	table-1253-512	10	0.269	smarttable
45	Q0	table-1516-67	11	0.268	smarttable
45	Q0	table-0622-407	12	0.268	smarttable
45	Q0	table-0765-188	13	0.267	smarttable
45	Q0	table-1461-670	14	0.233155251142	smarttable
45	Q0	table-0596-66	15	0.206155251142	smarttable
45	Q0	table-1087-866	16	0.202155251142	smarttable
45	Q0	table-1078-48	17	0.196155251142	smarttable
45	Q0	table-0998-663	18	0.195	smarttable
45	Q0	table-1127-15	19	0.181155251142	smarttable
45	Q0	table-0798-552	20	0.181	smarttable
46	Q0	table-1602-828	1	1.027	smarttable
46	Q0	table-1602-829	2	0.972155251142	smarttable
46	Q0	table-1390-891	3	0.563	smarttable
46	Q0	table-1353-79	4	0.424	smarttable
46	Q0	table-1448-821	5	0.413	smarttable
46	Q0	table-1355-572	6	0.373155251142	smarttable
46	Q0	table-0182-827	7	0.32	smarttable
46	Q0	table-0183-58	8	0.318	smarttable
46	Q0	table-0338-14	9	0.302	smarttable
46	Q0	table-1350-109	10	0.286155251142	smarttable
46	Q0	table-1021-322	11	0.266	smarttable
46	Q0	table-0077-438	12	0.262	smarttable
46	Q0	table-1392-245	13	0.222	smarttable
46	Q0	table-1442-713	14	0.217063492063	smarttable
46	Q0	table-0350-546	15	0.203	smarttable
46	Q0	table-0434-898	16	0.189	smarttable
46	Q0	table-0197-91	17	0.176	smarttable
46	Q0	table-0217-349	18	0.155	smarttable
46	Q0	table-1447-841	19	0.153	smarttable
46	Q0	table-0054-808	20	0.128	smarttable
47	Q0	table-0255-236	1	1.0249375	smarttable
47	Q0	table-0927-516	2	1.009	smarttable
47	Q0	table-1585-588	3	0.948	smarttable
47	Q0	table-0610-865	4	0.912965517241	smarttable
47	Q0	table-0927-515	5	0.869	smarttable
47	Q0	table-1616-401	6	0.826	smarttable
47	Q0	table-0255-240	7	0.8179375	smarttable
47	Q0	table-0062-485	8	0.815	smarttable
47	Q0	table-1585-589	9	0.81	smarttable
47	Q0	table-0498-296	10	0.778	smarttable
47	Q0	table-0480-100	11	0.777	smarttable
47	Q0	table-0927-517	12	0.773	smarttable
47	Q0	table-0853-850	13	0.76	smarttable
47	Q0	table-0224-786	14	0.753	smarttable
47	Q0	table-0728-796	15	0.735	smarttable
47	Q0	table-0498-294	16	0.669	smarttable
47	Q0	table-0087-619	17	0.652	smarttable
47	Q0	table-0813-439	18	0.631	smarttable
47	Q0	table-0755-685	19	0.6309375	smarttable
47	Q0	table-1222-493	20	0.615	smarttable
48	Q0	table-1571-62	1	0.766	smarttable
48	Q0	table-0055-698	2	0.759	smarttable
48	Q0	table-0371-97	3	0.659	smarttable
48	Q0	table-0456-40	4	0.638	smarttable
48	Q0	table-1461-956	5	0.6	smarttable
48	Q0	table-1628-799	6	0.569	smarttable
48	Q0	table-0459-647	7	0.556	smarttable
48	Q0	table-1611-506	8	0.546155251142	smarttable
48	Q0	table-1612-172	9	0.537155251142	smarttable
48	Q0	table-1612-261	10	0.521155251142	smarttable
48	Q0	table-0208-139	11	0.505	smarttable
48	Q0	table-0208-138	12	0.505	smarttable
48	Q0	table-1137-398	13	0.479	smarttable
48	Q0	table-1612-83	14	0.465155251142	smarttable
48	Q0	table-1612-3	15	0.465155251142	smarttable
48	Q0	table-1135-687	16	0.441	smarttable
48	Q0	table-1611-466	17	0.440155251142	smarttable
48	Q0	table-1055-978	18	0.432	smarttable
48	Q0	table-1026-599	19	0.431	smarttable
48	Q0	table-0625-86	20	0.422	smarttable
49	Q0	table-0002-320	1	0.784	smarttable
49	Q0	table-1502-45	2	0.725	smarttable
49	Q0	table-0404-288	3	0.537	smarttable
49	Q0	table-1216-279	4	0.449	smarttable
49	Q0	table-0255-225	5	0.428	smarttable
49	Q0	table-1633-945	6	0.42	smarttable
49	Q0	table-1522-309	7	0.373	smarttable
49	Q0	table-1533-500	8	0.364	smarttable
49	Q0	table-0846-443	9	0.321	smarttable
49	Q0	table-0497-834	10	0.313	smarttable
49	Q0	table-0019-690	11	0.307	smarttable
49	Q0	table-0346-490	12	0.291	smarttable
49	Q0	table-1017-379	13	0.248	smarttable
49	Q0	table-0432-561	14	0.21	smarttable
49	Q0	table-0325-192	15	0.196	smarttable
49	Q0	table-0058-281	16	0.194	smarttable
49	Q0	table-1155-462	17	0.172	smarttable
49	Q0	table-0695-234	18	0.158	smarttable
49	Q0	table-0695-235	19	0.155	smarttable
49	Q0	table-1567-896	20	0.145	smarttable
50	Q0	table-1405-724	1	1.029	smarttable
50	Q0	table-0227-700	2	0.98	smarttable
50	Q0	table-0197-91	3	0.454	smarttable
50	Q0	table-0741-866	4	0.29925	smarttable
50	Q0	table-0741-853	5	0.27925	smarttable
50	Q0	table-1570-787	6	0.27	smarttable
50	Q0	table-0741-849	7	0.26225	smarttable
50	Q0	table-1442-712	8	0.253333333333	smarttable
50	Q0	table-0666-479	9	0.244	smarttable
50	Q0	table-1541-685	10	0.239	smarttable
50	Q0	table-0194-131	11	0.221	smarttable
50	Q0	table-1448-639	12	0.216	smarttable
50	Q0	table-0765-619	13	0.212102040816	smarttable
50	Q0	table-1448-837	14	0.212	smarttable
50	Q0	table-0338-14	15	0.211102040816	smarttable
50	Q0	table-1443-745	16	0.209	smarttable
50	Q0	table-0434-898	17	0.207	smarttable
50	Q0	table-1519-696	18	0.203	smarttable
50	Q0	table-0668-241	19	0.201	smarttable
50	Q0	table-1005-954	20	0.201	smarttable
51	Q0	table-0687-978	1	0.996	smarttable
51	Q0	table-0123-682	2	0.686	smarttable
51	Q0	table-0091-144	3	0.675	smarttable
51	Q0	table-0919-458	4	0.644	smarttable
51	Q0	table-1627-93	5	0.618	smarttable
51	Q0	table-1108-894	6	0.576	smarttable
51	Q0	table-1639-747	7	0.57	smarttable
51	Q0	table-1573-730	8	0.559	smarttable
51	Q0	table-0521-373	9	0.538	smarttable
51	Q0	table-0889-1	10	0.481	smarttable
51	Q0	table-1375-531	11	0.48	smarttable
51	Q0	table-1438-848	12	0.476	smarttable
51	Q0	table-1640-1	13	0.437	smarttable
51	Q0	table-0902-752	14	0.391	smarttable
51	Q0	table-1612-670	15	0.371	smarttable
51	Q0	table-0630-761	16	0.334	smarttable
51	Q0	table-1626-838	17	0.334	smarttable
51	Q0	table-0346-105	18	0.318	smarttable
51	Q0	table-0290-4	19	0.315	smarttable
51	Q0	table-0402-154	20	0.31	smarttable
52	Q0	table-0131-736	1	0.596	smarttable
52	Q0	table-1447-122	2	0.452	smarttable
52	Q0	table-1336-806	3	0.425	smarttable
52	Q0	table-0383-291	4	0.348	smarttable
52	Q0	table-0301-348	5	0.341	smarttable
52	Q0	table-1331-268	6	0.324	smarttable
52	Q0	table-1021-819	7	0.32	smarttable
52	Q0	table-0368-850	8	0.316	smarttable
52	Q0	table-0350-520	9	0.272	smarttable
52	Q0	table-0155-563	10	0.26	smarttable
52	Q0	table-0088-469	11	0.258	smarttable
52	Q0	table-1431-695	12	0.249	smarttable
52	Q0	table-0989-346	13	0.246	smarttable
52	Q0	table-0931-697	14	0.24	smarttable
52	Q0	table-0388-840	15	0.222	smarttable
52	Q0	table-0848-924	16	0.2	smarttable
52	Q0	table-1482-885	17	0.195	smarttable
52	Q0	table-0180-579	18	0.173	smarttable
52	Q0	table-1081-79	19	0.167	smarttable
52	Q0	table-1053-92	20	0.158	smarttable
53	Q0	table-1567-423	1	0.326944444444	smarttable
53	Q0	table-0804-919	2	0.318	smarttable
53	Q0	table-1377-511	3	0.279	smarttable
53	Q0	table-0587-651	4	0.262142857143	smarttable
53	Q0	table-0587-650	5	0.238142857143	smarttable
53	Q0	table-1029-430	6	0.231	smarttable
53	Q0	table-1349-522	7	0.23	smarttable
53	Q0	table-0469-344	8	0.225944444444	smarttable
53	Q0	table-0297-350	9	0.224944444444	smarttable
53	Q0	table-0852-883	10	0.223944444444	smarttable
53	Q0	table-1564-254	11	0.223	smarttable
53	Q0	table-0846-215	12	0.213944444444	smarttable
53	Q0	table-0469-366	13	0.213	smarttable
53	Q0	table-0651-903	14	0.212	smarttable
53	Q0	table-0107-335	15	0.203944444444	smarttable
53	Q0	table-0898-32	16	0.203	smarttable
53	Q0	table-0841-185	17	0.202944444444	smarttable
53	Q0	table-0744-179	18	0.201	smarttable
53	Q0	table-0566-775	19	0.199944444444	smarttable
53	Q0	table-0524-487	20	0.196944444444	smarttable
54	Q0	table-1580-209	1	0.695	smarttable
54	Q0	table-1208-515	2	0.662	smarttable
54	Q0	table-1208-520	3	0.657	smarttable
54	Q0	table-1580-217	4	0.655	smarttable
54	Q0	table-1208-518	5	0.651	smarttable
54	Q0	table-1580-219	6	0.646	smarttable
54	Q0	table-1580-221	7	0.644	smarttable
54	Q0	table-1580-211	8	0.637	smarttable
54	Q0	table-1208-517	9	0.612	smarttable
54	Q0	table-1208-522	10	0.611	smarttable
54	Q0	table-1580-216	11	0.601	smarttable
54	Q0	table-0090-631	12	0.579	smarttable
54	Q0	table-1580-215	13	0.575	smarttable
54	Q0	table-1580-214	14	0.575	smarttable
54	Q0	table-1580-213	15	0.543	smarttable
54	Q0	table-1580-212	16	0.537	smarttable
54	Q0	table-0090-633	17	0.526	smarttable
54	Q0	table-1208-513	18	0.498	smarttable
54	Q0	table-0455-593	19	0.491	smarttable
54	Q0	table-0115-440	20	0.467	smarttable
55	Q0	table-0905-211	1	1.032	smarttable
55	Q0	table-0905-212	2	1.024	smarttable
55	Q0	table-0253-421	3	0.744	smarttable
55	Q0	table-1444-13	4	0.708	smarttable
55	Q0	table-1370-150	5	0.678	smarttable
55	Q0	table-1370-151	6	0.661	smarttable
55	Q0	table-1370-152	7	0.601	smarttable
55	Q0	table-0378-500	8	0.569	smarttable
55	Q0	table-0262-856	9	0.46	smarttable
55	Q0	table-1526-626	10	0.447	smarttable
55	Q0	table-0259-714	11	0.415	smarttable
55	Q0	table-0525-331	12	0.415	smarttable
55	Q0	table-1356-971	13	0.413	smarttable
55	Q0	table-1615-647	14	0.412	smarttable
55	Q0	table-1370-149	15	0.388	smarttable
55	Q0	table-0107-797	16	0.36	smarttable
55	Q0	table-0634-466	17	0.356	smarttable
55	Q0	table-1605-266	18	0.333	smarttable
55	Q0	table-1411-1000	19	0.328	smarttable
55	Q0	table-1565-115	20	0.315	smarttable
56	Q0	table-1559-591	1	1.298	smarttable
56	Q0	table-0546-964	2	1.159	smarttable
56	Q0	table-1114-461	3	1.042	smarttable
56	Q0	table-1436-698	4	1.013	smarttable
56	Q0	table-1265-636	5	0.936	smarttable
56	Q0	table-1510-622	6	0.906	smarttable
56	Q0	table-0546-963	7	0.777	smarttable
56	Q0	table-1055-666	8	0.703	smarttable
56	Q0	table-0546-965	9	0.697	smarttable
56	Q0	table-0514-315	10	0.672	smarttable
56	Q0	table-0514-321	11	0.665	smarttable
56	Q0	table-0548-553	12	0.661	smarttable
56	Q0	table-0435-533	13	0.621	smarttable
56	Q0	table-1448-80	14	0.588	smarttable
56	Q0	table-0234-862	15	0.588	smarttable
56	Q0	table-0378-117	16	0.584	smarttable
56	Q0	table-0548-554	17	0.583	smarttable
56	Q0	table-1643-422	18	0.562	smarttable
56	Q0	table-1565-856	19	0.5576	smarttable
56	Q0	table-0514-268	20	0.554	smarttable
57	Q0	table-0443-553	1	0.541	smarttable
57	Q0	table-0976-487	2	0.439	smarttable
57	Q0	table-1098-540	3	0.429	smarttable
57	Q0	table-0221-888	4	0.396	smarttable
57	Q0	table-0817-899	5	0.362	smarttable
57	Q0	table-0313-377	6	0.331	smarttable
57	Q0	table-1542-271	7	0.32	smarttable
57	Q0	table-1316-990	8	0.308	smarttable
57	Q0	table-1603-684	9	0.295	smarttable
57	Q0	table-1473-106	10	0.295	smarttable
57	Q0	table-1603-678	11	0.278	smarttable
57	Q0	table-1473-105	12	0.234	smarttable
57	Q0	table-0875-544	13	0.223	smarttable
57	Q0	table-0212-250	14	0.221	smarttable
57	Q0	table-1473-104	15	0.21	smarttable
57	Q0	table-0062-134	16	0.207	smarttable
57	Q0	table-1547-841	17	0.204	smarttable
57	Q0	table-0814-276	18	0.188	smarttable
57	Q0	table-0212-252	19	0.178	smarttable
57	Q0	table-1421-84	20	0.152	smarttable
58	Q0	table-0721-948	1	0.851	smarttable
58	Q0	table-0721-949	2	0.544	smarttable
58	Q0	table-1288-783	3	0.497	smarttable
58	Q0	table-1311-373	4	0.495	smarttable
58	Q0	table-0817-634	5	0.454	smarttable
58	Q0	table-0606-7	6	0.435	smarttable
58	Q0	table-0547-658	7	0.425	smarttable
58	Q0	table-1238-589	8	0.391	smarttable
58	Q0	table-0967-600	9	0.32	smarttable
58	Q0	table-1356-303	10	0.315	smarttable
58	Q0	table-1291-440	11	0.286	smarttable
58	Q0	table-0651-51	12	0.278	smarttable
58	Q0	table-0596-476	13	0.261	smarttable
58	Q0	table-0627-582	14	0.244	smarttable
58	Q0	table-1154-432	15	0.233	smarttable
58	Q0	table-0462-618	16	0.223	smarttable
58	Q0	table-0978-10	17	0.2	smarttable
58	Q0	table-0309-204	18	0.175	smarttable
58	Q0	table-1645-349	19	0.156	smarttable
58	Q0	table-0085-87	20	0.13	smarttable
59	Q0	table-1219-20	1	0.805	smarttable
59	Q0	table-1264-76	2	0.786	smarttable
59	Q0	table-1437-680	3	0.74	smarttable
59	Q0	table-1542-143	4	0.737	smarttable
59	Q0	table-1421-433	5	0.729	smarttable
59	Q0	table-1421-438	6	0.7	smarttable
59	Q0	table-1490-102	7	0.695	smarttable
59	Q0	table-0859-400	8	0.638	smarttable
59	Q0	table-1488-994	9	0.634	smarttable
59	Q0	table-0474-103	10	0.627	smarttable
59	Q0	table-1113-680	11	0.585	smarttable
59	Q0	table-0833-662	12	0.571	smarttable
59	Q0	table-1627-819	13	0.57	smarttable
59	Q0	table-0043-587	14	0.561	smarttable
59	Q0	table-1592-662	15	0.555	smarttable
59	Q0	table-1524-552	16	0.522	smarttable
59	Q0	table-0771-8	17	0.5	smarttable
59	Q0	table-1384-963	18	0.494	smarttable
59	Q0	table-0478-50	19	0.478	smarttable
59	Q0	table-1088-407	20	0.422	smarttable
60	Q0	table-0030-123	1	1.454	smarttable
60	Q0	table-0497-384	2	1.258	smarttable
60	Q0	table-1279-578	3	1.233	smarttable
60	Q0	table-1052-535	4	1.2	smarttable
60	Q0	table-0379-27	5	1.195	smarttable
60	Q0	table-0119-465	6	1.182	smarttable
60	Q0	table-1604-834	7	1.168	smarttable
60	Q0	table-1568-191	8	1.164	smarttable
60	Q0	table-1376-550	9	1.135	smarttable
60	Q0	table-1526-545	10	1.131	smarttable
60	Q0	table-0836-976	11	1.079	smarttable
60	Q0	table-0249-823	12	1.07	smarttable
60	Q0	table-0604-281	13	1.064	smarttable
60	Q0	table-0872-44	14	0.995	smarttable
60	Q0	table-1464-4	15	0.983	smarttable
60	Q0	table-1389-290	16	0.926	smarttable
60	Q0	table-0221-887	17	0.862	smarttable
60	Q0	table-1353-328	18	0.855	smarttable
60	Q0	table-1053-407	19	0.741	smarttable
60	Q0	table-0180-80	20	0.715	smarttable
