1	Q0	table-0370-614	1	0.61	smarttable
1	Q0	table-0037-411	2	0.585	smarttable
1	Q0	table-1020-619	3	0.512	smarttable
1	Q0	table-1402-139	4	0.483	smarttable
1	Q0	table-0914-103	5	0.458	smarttable
1	Q0	table-0914-101	6	0.414	smarttable
1	Q0	table-1423-774	7	0.281	smarttable
1	Q0	table-1452-662	8	0.253	smarttable
1	Q0	table-0730-168	9	0.251	smarttable
1	Q0	table-0216-976	10	0.237	smarttable
1	Q0	table-0781-227	11	0.23	smarttable
1	Q0	table-0904-852	12	0.229	smarttable
1	Q0	table-0507-876	13	0.214	smarttable
1	Q0	table-0216-970	14	0.205	smarttable
1	Q0	table-0031-203	15	0.202	smarttable
1	Q0	table-0464-505	16	0.186	smarttable
1	Q0	table-0063-827	17	0.185	smarttable
1	Q0	table-0998-242	18	0.158	smarttable
1	Q0	table-0998-240	19	0.154	smarttable
1	Q0	table-0255-236	20	0.152	smarttable
2	Q0	table-1408-874	1	1.0459375	smarttable
2	Q0	table-1408-869	2	1.0059375	smarttable
2	Q0	table-1408-870	3	0.9969375	smarttable
2	Q0	table-1552-729	4	0.996	smarttable
2	Q0	table-1408-871	5	0.9819375	smarttable
2	Q0	table-0331-42	6	0.63	smarttable
2	Q0	table-1621-634	7	0.622	smarttable
2	Q0	table-0654-76	8	0.6069375	smarttable
2	Q0	table-0406-134	9	0.604	smarttable
2	Q0	table-0391-689	10	0.5879375	smarttable
2	Q0	table-0517-237	11	0.58	smarttable
2	Q0	table-1578-197	12	0.57392	smarttable
2	Q0	table-0517-363	13	0.561	smarttable
2	Q0	table-0530-747	14	0.539	smarttable
2	Q0	table-0391-82	15	0.538	smarttable
2	Q0	table-0092-846	16	0.514	smarttable
2	Q0	table-0620-231	17	0.513	smarttable
2	Q0	table-0367-57	18	0.498	smarttable
2	Q0	table-0891-125	19	0.477	smarttable
2	Q0	table-1600-861	20	0.475	smarttable
3	Q0	table-0005-925	1	1.441	smarttable
3	Q0	table-0005-921	2	1.432	smarttable
3	Q0	table-0005-923	3	1.431	smarttable
3	Q0	table-0005-924	4	1.429	smarttable
3	Q0	table-0005-922	5	1.427	smarttable
3	Q0	table-0005-926	6	1.427	smarttable
3	Q0	table-0005-927	7	1.406	smarttable
3	Q0	table-1435-370	8	1.112	smarttable
3	Q0	table-0100-833	9	1.057	smarttable
3	Q0	table-0100-835	10	1.016	smarttable
3	Q0	table-1245-278	11	1.009	smarttable
3	Q0	table-1245-277	12	0.996	smarttable
3	Q0	table-0100-834	13	0.979	smarttable
3	Q0	table-0312-107	14	0.962	smarttable
3	Q0	table-1438-931	15	0.912	smarttable
3	Q0	table-0264-280	16	0.88	smarttable
3	Q0	table-0287-961	17	0.855	smarttable
3	Q0	table-0928-773	18	0.823	smarttable
3	Q0	table-1061-706	19	0.815	smarttable
3	Q0	table-0483-357	20	0.734	smarttable
4	Q0	table-1511-87	1	1.634	smarttable
4	Q0	table-1417-140	2	1.504	smarttable
4	Q0	table-1417-146	3	1.498	smarttable
4	Q0	table-1417-136	4	1.488	smarttable
4	Q0	table-1417-149	5	1.487	smarttable
4	Q0	table-1417-134	6	1.479	smarttable
4	Q0	table-1417-135	7	1.473	smarttable
4	Q0	table-1417-142	8	1.466	smarttable
4	Q0	table-1417-147	9	1.464	smarttable
4	Q0	table-1417-138	10	1.459	smarttable
4	Q0	table-1417-137	11	1.455	smarttable
4	Q0	table-1417-144	12	1.454	smarttable
4	Q0	table-1417-145	13	1.452	smarttable
4	Q0	table-1417-143	14	1.444	smarttable
4	Q0	table-1417-139	15	1.443	smarttable
4	Q0	table-1511-78	16	1.439	smarttable
4	Q0	table-1511-86	17	1.435	smarttable
4	Q0	table-1511-84	18	1.377	smarttable
4	Q0	table-1417-141	19	1.371	smarttable
4	Q0	table-1511-79	20	1.365	smarttable
5	Q0	table-0452-375	1	1.488	smarttable
5	Q0	table-1530-281	2	1.246	smarttable
5	Q0	table-0600-601	3	1.205	smarttable
5	Q0	table-0600-606	4	1.168	smarttable
5	Q0	table-0600-604	5	1.167	smarttable
5	Q0	table-0600-600	6	1.155	smarttable
5	Q0	table-0600-605	7	1.115	smarttable
5	Q0	table-1264-72	8	1.06	smarttable
5	Q0	table-0248-862	9	0.924	smarttable
5	Q0	table-1421-59	10	0.886	smarttable
5	Q0	table-0986-401	11	0.812	smarttable
5	Q0	table-1455-559	12	0.787	smarttable
5	Q0	table-1444-333	13	0.774	smarttable
5	Q0	table-1258-614	14	0.716	smarttable
5	Q0	table-1579-1000	15	0.678	smarttable
5	Q0	table-1371-139	16	0.67	smarttable
5	Q0	table-0735-615	17	0.662	smarttable
5	Q0	table-1088-407	18	0.66	smarttable
5	Q0	table-1421-60	19	0.658	smarttable
5	Q0	table-1599-557	20	0.647545454545	smarttable
6	Q0	table-0402-824	1	1.095	smarttable
6	Q0	table-1588-343	2	0.979	smarttable
6	Q0	table-0349-707	3	0.973111111111	smarttable
6	Q0	table-0135-490	4	0.941882352941	smarttable
6	Q0	table-1495-660	5	0.930111111111	smarttable
6	Q0	table-1393-929	6	0.882311111111	smarttable
6	Q0	table-0088-509	7	0.867111111111	smarttable
6	Q0	table-0708-8	8	0.861	smarttable
6	Q0	table-1506-649	9	0.853	smarttable
6	Q0	table-1280-419	10	0.847	smarttable
6	Q0	table-0364-358	11	0.845111111111	smarttable
6	Q0	table-0008-994	12	0.8372	smarttable
6	Q0	table-1495-661	13	0.835861111111	smarttable
6	Q0	table-0417-972	14	0.819861111111	smarttable
6	Q0	table-0094-625	15	0.783	smarttable
6	Q0	table-1370-780	16	0.780111111111	smarttable
6	Q0	table-0085-402	17	0.779747474747	smarttable
6	Q0	table-1421-346	18	0.774111111111	smarttable
6	Q0	table-0878-982	19	0.77	smarttable
6	Q0	table-0729-805	20	0.76	smarttable
7	Q0	table-0678-627	1	0.63	smarttable
7	Q0	table-0453-280	2	0.622	smarttable
7	Q0	table-0592-701	3	0.544	smarttable
7	Q0	table-0453-279	4	0.513	smarttable
7	Q0	table-0266-218	5	0.394	smarttable
7	Q0	table-0155-146	6	0.372	smarttable
7	Q0	table-0678-625	7	0.351	smarttable
7	Q0	table-0048-582	8	0.351	smarttable
7	Q0	table-0033-959	9	0.336	smarttable
7	Q0	table-1492-675	10	0.312	smarttable
7	Q0	table-0048-575	11	0.307	smarttable
7	Q0	table-0289-554	12	0.304	smarttable
7	Q0	table-0406-281	13	0.303	smarttable
7	Q0	table-1211-1000	14	0.302	smarttable
7	Q0	table-1582-619	15	0.299	smarttable
7	Q0	table-0048-583	16	0.294	smarttable
7	Q0	table-0692-77	17	0.293	smarttable
7	Q0	table-1016-914	18	0.285	smarttable
7	Q0	table-1417-774	19	0.268	smarttable
7	Q0	table-0289-558	20	0.26	smarttable
8	Q0	table-0176-187	1	1.53	smarttable
8	Q0	table-0145-207	2	1.517	smarttable
8	Q0	table-0044-50	3	1.489	smarttable
8	Q0	table-1358-28	4	1.483	smarttable
8	Q0	table-1610-48	5	1.272	smarttable
8	Q0	table-0177-459	6	1.203	smarttable
8	Q0	table-0569-730	7	1.158	smarttable
8	Q0	table-0359-356	8	1.101	smarttable
8	Q0	table-1389-263	9	1.03392307692	smarttable
8	Q0	table-1389-264	10	1.026	smarttable
8	Q0	table-1389-262	11	1.02392307692	smarttable
8	Q0	table-0628-491	12	0.958	smarttable
8	Q0	table-0633-54	13	0.951	smarttable
8	Q0	table-0859-564	14	0.92	smarttable
8	Q0	table-0858-955	15	0.882	smarttable
8	Q0	table-0625-924	16	0.874	smarttable
8	Q0	table-0125-915	17	0.866	smarttable
8	Q0	table-1509-515	18	0.823	smarttable
8	Q0	table-0633-57	19	0.624	smarttable
8	Q0	table-0461-640	20	0.61	smarttable
9	Q0	table-1619-337	1	1.245	smarttable
9	Q0	table-1619-336	2	1.145	smarttable
9	Q0	table-0601-199	3	1.12	smarttable
9	Q0	table-0601-200	4	1.085	smarttable
9	Q0	table-0371-314	5	1.023	smarttable
9	Q0	table-0371-315	6	1.019	smarttable
9	Q0	table-0601-201	7	0.951	smarttable
9	Q0	table-0600-579	8	0.909	smarttable
9	Q0	table-0471-463	9	0.523	smarttable
9	Q0	table-0430-782	10	0.397	smarttable
9	Q0	table-0550-41	11	0.354	smarttable
9	Q0	table-0599-803	12	0.343	smarttable
9	Q0	table-1402-475	13	0.329	smarttable
9	Q0	table-1403-409	14	0.252	smarttable
9	Q0	table-0123-459	15	0.235	smarttable
9	Q0	table-0383-921	16	0.213	smarttable
9	Q0	table-0585-98	17	0.171	smarttable
9	Q0	table-1402-476	18	0.17	smarttable
9	Q0	table-0913-744	19	0.166	smarttable
9	Q0	table-0773-395	20	0.135	smarttable
10	Q0	table-1387-237	1	0.761	smarttable
10	Q0	table-0791-274	2	0.655	smarttable
10	Q0	table-0384-352	3	0.639	smarttable
10	Q0	table-0384-354	4	0.619	smarttable
10	Q0	table-1384-649	5	0.587	smarttable
10	Q0	table-1384-651	6	0.536	smarttable
10	Q0	table-1091-421	7	0.522	smarttable
10	Q0	table-0384-350	8	0.508	smarttable
10	Q0	table-0384-349	9	0.505	smarttable
10	Q0	table-1384-652	10	0.492	smarttable
10	Q0	table-1462-369	11	0.472	smarttable
10	Q0	table-0384-348	12	0.459	smarttable
10	Q0	table-0384-351	13	0.456	smarttable
10	Q0	table-1384-654	14	0.451	smarttable
10	Q0	table-1384-653	15	0.405	smarttable
10	Q0	table-0152-596	16	0.297	smarttable
10	Q0	table-0999-850	17	0.179	smarttable
10	Q0	table-0952-32	18	0.155	smarttable
10	Q0	table-0921-716	19	0.15	smarttable
10	Q0	table-0022-84	20	0.133	smarttable
11	Q0	table-0891-868	1	1.284	smarttable
11	Q0	table-0891-869	2	1.221	smarttable
11	Q0	table-1016-927	3	1.001	smarttable
11	Q0	table-1256-358	4	0.985	smarttable
11	Q0	table-0951-285	5	0.968	smarttable
11	Q0	table-0362-968	6	0.967	smarttable
11	Q0	table-1479-55	7	0.908	smarttable
11	Q0	table-0243-839	8	0.904	smarttable
11	Q0	table-0951-286	9	0.872	smarttable
11	Q0	table-1196-415	10	0.871	smarttable
11	Q0	table-1479-56	11	0.867	smarttable
11	Q0	table-0763-39	12	0.865	smarttable
11	Q0	table-0313-781	13	0.845	smarttable
11	Q0	table-1196-913	14	0.834	smarttable
11	Q0	table-1111-100	15	0.8217	smarttable
11	Q0	table-1283-492	16	0.81	smarttable
11	Q0	table-1501-924	17	0.809	smarttable
11	Q0	table-1627-735	18	0.798	smarttable
11	Q0	table-1518-448	19	0.7872	smarttable
11	Q0	table-0497-597	20	0.776636363636	smarttable
12	Q0	table-1520-40	1	0.887	smarttable
12	Q0	table-1520-42	2	0.795	smarttable
12	Q0	table-0943-565	3	0.638	smarttable
12	Q0	table-0146-573	4	0.616	smarttable
12	Q0	table-0077-563	5	0.602	smarttable
12	Q0	table-0016-922	6	0.566636363636	smarttable
12	Q0	table-1290-247	7	0.534	smarttable
12	Q0	table-0233-443	8	0.532	smarttable
12	Q0	table-1580-56	9	0.485	smarttable
12	Q0	table-0003-319	10	0.485	smarttable
12	Q0	table-0012-373	11	0.451	smarttable
12	Q0	table-0880-401	12	0.440923076923	smarttable
12	Q0	table-0883-596	13	0.399	smarttable
12	Q0	table-1028-382	14	0.394	smarttable
12	Q0	table-0159-635	15	0.385923076923	smarttable
12	Q0	table-1230-725	16	0.371	smarttable
12	Q0	table-0146-574	17	0.370636363636	smarttable
12	Q0	table-1420-566	18	0.367559440559	smarttable
12	Q0	table-0137-745	19	0.3665	smarttable
12	Q0	table-0831-904	20	0.346923076923	smarttable
13	Q0	table-0263-444	1	1.245	smarttable
13	Q0	table-1320-890	2	1.23	smarttable
13	Q0	table-0311-394	3	1.134	smarttable
13	Q0	table-1447-381	4	1.125	smarttable
13	Q0	table-0482-24	5	1.063	smarttable
13	Q0	table-1613-935	6	1.007	smarttable
13	Q0	table-0072-231	7	0.991	smarttable
13	Q0	table-1447-380	8	0.969	smarttable
13	Q0	table-1545-121	9	0.928	smarttable
13	Q0	table-1647-839	10	0.896	smarttable
13	Q0	table-1640-284	11	0.874	smarttable
13	Q0	table-0311-393	12	0.833	smarttable
13	Q0	table-0610-56	13	0.818	smarttable
13	Q0	table-1036-133	14	0.801	smarttable
13	Q0	table-1365-737	15	0.768	smarttable
13	Q0	table-0686-862	16	0.765	smarttable
13	Q0	table-0925-91	17	0.761470588235	smarttable
13	Q0	table-1597-359	18	0.761	smarttable
13	Q0	table-0204-990	19	0.752	smarttable
13	Q0	table-1515-997	20	0.663470588235	smarttable
14	Q0	table-1277-865	1	0.388	smarttable
14	Q0	table-0896-9	2	0.274	smarttable
14	Q0	table-1579-731	3	0.268	smarttable
14	Q0	table-0439-233	4	0.212	smarttable
14	Q0	table-0354-325	5	0.21	smarttable
14	Q0	table-1012-862	6	0.207	smarttable
14	Q0	table-0439-234	7	0.206	smarttable
14	Q0	table-1277-863	8	0.196	smarttable
14	Q0	table-1012-845	9	0.196	smarttable
14	Q0	table-1277-861	10	0.182	smarttable
14	Q0	table-1621-415	11	0.181	smarttable
14	Q0	table-0503-892	12	0.166	smarttable
14	Q0	table-0149-434	13	0.165	smarttable
14	Q0	table-1250-339	14	0.16	smarttable
14	Q0	table-1358-137	15	0.156	smarttable
14	Q0	table-0279-830	16	0.152	smarttable
14	Q0	table-0833-423	17	0.144	smarttable
14	Q0	table-1281-687	18	0.144	smarttable
14	Q0	table-0833-422	19	0.139	smarttable
14	Q0	table-1553-694	20	0.135	smarttable
15	Q0	table-1413-648	1	1.199	smarttable
15	Q0	table-1413-655	2	1.179	smarttable
15	Q0	table-1413-652	3	1.153	smarttable
15	Q0	table-1413-649	4	1.15	smarttable
15	Q0	table-0586-829	5	0.927	smarttable
15	Q0	table-0586-830	6	0.856	smarttable
15	Q0	table-1289-865	7	0.832	smarttable
15	Q0	table-1247-799	8	0.792	smarttable
15	Q0	table-0312-74	9	0.671	smarttable
15	Q0	table-1247-798	10	0.657	smarttable
15	Q0	table-0312-63	11	0.632	smarttable
15	Q0	table-0312-73	12	0.627	smarttable
15	Q0	table-0312-67	13	0.626	smarttable
15	Q0	table-0311-758	14	0.602	smarttable
15	Q0	table-0311-996	15	0.591	smarttable
15	Q0	table-0312-48	16	0.581	smarttable
15	Q0	table-0312-44	17	0.576	smarttable
15	Q0	table-0311-929	18	0.573	smarttable
15	Q0	table-0312-53	19	0.567	smarttable
15	Q0	table-0312-4	20	0.562	smarttable
16	Q0	table-0401-729	1	1.00086956522	smarttable
16	Q0	table-0096-57	2	0.952	smarttable
16	Q0	table-0172-991	3	0.916869565217	smarttable
16	Q0	table-0704-620	4	0.83	smarttable
16	Q0	table-1180-888	5	0.682	smarttable
16	Q0	table-1424-415	6	0.681869565217	smarttable
16	Q0	table-1050-354	7	0.581	smarttable
16	Q0	table-0686-595	8	0.58	smarttable
16	Q0	table-0474-713	9	0.577	smarttable
16	Q0	table-0504-737	10	0.567	smarttable
16	Q0	table-1014-746	11	0.557	smarttable
16	Q0	table-0766-472	12	0.542869565217	smarttable
16	Q0	table-0657-752	13	0.532	smarttable
16	Q0	table-0478-947	14	0.531	smarttable
16	Q0	table-0824-528	15	0.517	smarttable
16	Q0	table-0854-616	16	0.517	smarttable
16	Q0	table-0631-595	17	0.517	smarttable
16	Q0	table-1102-154	18	0.511	smarttable
16	Q0	table-1169-545	19	0.511	smarttable
16	Q0	table-1347-616	20	0.51	smarttable
17	Q0	table-0677-684	1	1.062	smarttable
17	Q0	table-1258-777	2	0.916	smarttable
17	Q0	table-0160-841	3	0.856	smarttable
17	Q0	table-1027-79	4	0.74	smarttable
17	Q0	table-1216-304	5	0.705	smarttable
17	Q0	table-1027-78	6	0.657	smarttable
17	Q0	table-1007-884	7	0.611	smarttable
17	Q0	table-0140-687	8	0.589	smarttable
17	Q0	table-0653-392	9	0.487	smarttable
17	Q0	table-1554-655	10	0.476	smarttable
17	Q0	table-0160-842	11	0.43	smarttable
17	Q0	table-1365-564	12	0.39	smarttable
17	Q0	table-0313-519	13	0.387	smarttable
17	Q0	table-1365-563	14	0.362	smarttable
17	Q0	table-0378-190	15	0.351	smarttable
17	Q0	table-1499-448	16	0.332	smarttable
17	Q0	table-0349-674	17	0.324	smarttable
17	Q0	table-1309-776	18	0.308	smarttable
17	Q0	table-1442-89	19	0.288	smarttable
17	Q0	table-1442-78	20	0.284	smarttable
18	Q0	table-0650-177	1	1.209	smarttable
18	Q0	table-0884-202	2	1.189	smarttable
18	Q0	table-0884-203	3	1.143	smarttable
18	Q0	table-0650-179	4	1.048	smarttable
18	Q0	table-0650-180	5	0.989	smarttable
18	Q0	table-0871-314	6	0.966	smarttable
18	Q0	table-0650-178	7	0.948	smarttable
18	Q0	table-0024-849	8	0.837	smarttable
18	Q0	table-0024-851	9	0.8	smarttable
18	Q0	table-0024-850	10	0.788	smarttable
18	Q0	table-0575-375	11	0.776	smarttable
18	Q0	table-0024-852	12	0.766	smarttable
18	Q0	table-0493-911	13	0.732	smarttable
18	Q0	table-0588-469	14	0.686	smarttable
18	Q0	table-0148-534	15	0.658	smarttable
18	Q0	table-1650-553	16	0.625	smarttable
18	Q0	table-0588-897	17	0.619	smarttable
18	Q0	table-1526-871	18	0.612	smarttable
18	Q0	table-1526-870	19	0.6	smarttable
18	Q0	table-1134-830	20	0.592	smarttable
19	Q0	table-1453-180	1	0.509	smarttable
19	Q0	table-1453-183	2	0.506	smarttable
19	Q0	table-1453-184	3	0.506	smarttable
19	Q0	table-0090-107	4	0.494	smarttable
19	Q0	table-1453-178	5	0.476	smarttable
19	Q0	table-0540-631	6	0.404	smarttable
19	Q0	table-0578-304	7	0.282	smarttable
19	Q0	table-1539-316	8	0.271	smarttable
19	Q0	table-1069-756	9	0.269	smarttable
19	Q0	table-1069-733	10	0.265	smarttable
19	Q0	table-1605-522	11	0.244	smarttable
19	Q0	table-0292-548	12	0.235	smarttable
19	Q0	table-0062-22	13	0.199	smarttable
19	Q0	table-0985-716	14	0.189	smarttable
19	Q0	table-1069-764	15	0.186	smarttable
19	Q0	table-0836-302	16	0.182	smarttable
19	Q0	table-0836-301	17	0.18	smarttable
19	Q0	table-0258-771	18	0.171	smarttable
19	Q0	table-0649-521	19	0.167	smarttable
19	Q0	table-0853-133	20	0.134	smarttable
20	Q0	table-1591-498	1	1.493	smarttable
20	Q0	table-0552-213	2	1.392	smarttable
20	Q0	table-0202-12	3	1.377	smarttable
20	Q0	table-0552-212	4	1.336	smarttable
20	Q0	table-1628-969	5	1.167	smarttable
20	Q0	table-1628-970	6	1.157	smarttable
20	Q0	table-1628-974	7	1.153	smarttable
20	Q0	table-1628-976	8	1.106	smarttable
20	Q0	table-1628-971	9	1.106	smarttable
20	Q0	table-1628-973	10	1.091	smarttable
20	Q0	table-1531-715	11	1.089	smarttable
20	Q0	table-1628-972	12	1.085	smarttable
20	Q0	table-1628-975	13	1.085	smarttable
20	Q0	table-1628-977	14	1.083	smarttable
20	Q0	table-1531-714	15	1.081	smarttable
20	Q0	table-0636-282	16	1.054	smarttable
20	Q0	table-0397-909	17	0.983	smarttable
20	Q0	table-1525-977	18	0.95	smarttable
20	Q0	table-0397-907	19	0.924	smarttable
20	Q0	table-1420-810	20	0.879	smarttable
21	Q0	table-0222-392	1	0.89	smarttable
21	Q0	table-0057-386	2	0.877	smarttable
21	Q0	table-1350-462	3	0.731	smarttable
21	Q0	table-1207-486	4	0.573	smarttable
21	Q0	table-0825-384	5	0.323	smarttable
21	Q0	table-0098-94	6	0.247	smarttable
21	Q0	table-0098-92	7	0.239	smarttable
21	Q0	table-1636-829	8	0.239	smarttable
21	Q0	table-1448-537	9	0.235	smarttable
21	Q0	table-0061-292	10	0.234	smarttable
21	Q0	table-0496-390	11	0.233	smarttable
21	Q0	table-1636-686	12	0.231	smarttable
21	Q0	table-1227-229	13	0.224	smarttable
21	Q0	table-0536-541	14	0.216	smarttable
21	Q0	table-1295-879	15	0.215	smarttable
21	Q0	table-0167-101	16	0.209	smarttable
21	Q0	table-1003-161	17	0.204	smarttable
21	Q0	table-1483-428	18	0.198	smarttable
21	Q0	table-0161-288	19	0.189	smarttable
21	Q0	table-1410-903	20	0.187	smarttable
22	Q0	table-0366-775	1	0.431	smarttable
22	Q0	table-0366-773	2	0.411	smarttable
22	Q0	table-0366-777	3	0.387	smarttable
22	Q0	table-0295-94	4	0.311	smarttable
22	Q0	table-0173-237	5	0.303	smarttable
22	Q0	table-0406-400	6	0.287	smarttable
22	Q0	table-0401-930	7	0.273	smarttable
22	Q0	table-1557-310	8	0.262	smarttable
22	Q0	table-1557-307	9	0.258	smarttable
22	Q0	table-0695-982	10	0.243	smarttable
22	Q0	table-0331-804	11	0.233166666667	smarttable
22	Q0	table-0532-499	12	0.219166666667	smarttable
22	Q0	table-1258-446	13	0.219	smarttable
22	Q0	table-1571-140	14	0.215166666667	smarttable
22	Q0	table-0331-950	15	0.214166666667	smarttable
22	Q0	table-0331-446	16	0.213166666667	smarttable
22	Q0	table-0591-574	17	0.197166666667	smarttable
22	Q0	table-1383-553	18	0.196166666667	smarttable
22	Q0	table-0570-258	19	0.194	smarttable
22	Q0	table-1049-506	20	0.192	smarttable
23	Q0	table-0813-442	1	1.282	smarttable
23	Q0	table-0498-297	2	1.177	smarttable
23	Q0	table-1070-326	3	1.137	smarttable
23	Q0	table-0458-601	4	1.13	smarttable
23	Q0	table-1070-327	5	1.122	smarttable
23	Q0	table-0830-358	6	1.092	smarttable
23	Q0	table-1554-330	7	0.993	smarttable
23	Q0	table-1176-644	8	0.99275	smarttable
23	Q0	table-1007-467	9	0.952	smarttable
23	Q0	table-1554-331	10	0.918	smarttable
23	Q0	table-0389-936	11	0.91	smarttable
23	Q0	table-0103-625	12	0.869	smarttable
23	Q0	table-1579-470	13	0.854	smarttable
23	Q0	table-1523-464	14	0.85	smarttable
23	Q0	table-0209-363	15	0.804	smarttable
23	Q0	table-0270-496	16	0.792	smarttable
23	Q0	table-0255-230	17	0.786	smarttable
23	Q0	table-1256-357	18	0.784	smarttable
23	Q0	table-0333-158	19	0.767666666667	smarttable
23	Q0	table-1407-668	20	0.766	smarttable
24	Q0	table-1492-801	1	1.114	smarttable
24	Q0	table-1492-780	2	1.094	smarttable
24	Q0	table-0521-839	3	1.083	smarttable
24	Q0	table-0521-802	4	1.081	smarttable
24	Q0	table-1492-806	5	1.078	smarttable
24	Q0	table-1492-778	6	1.071	smarttable
24	Q0	table-1492-808	7	1.071	smarttable
24	Q0	table-1492-779	8	1.069	smarttable
24	Q0	table-1492-771	9	1.063	smarttable
24	Q0	table-0521-820	10	1.058	smarttable
24	Q0	table-0521-825	11	1.052	smarttable
24	Q0	table-0521-809	12	1.043	smarttable
24	Q0	table-1492-795	13	1.034	smarttable
24	Q0	table-0521-811	14	1.03	smarttable
24	Q0	table-0521-832	15	1.029	smarttable
24	Q0	table-1492-796	16	1.02	smarttable
24	Q0	table-1492-793	17	1.013	smarttable
24	Q0	table-0521-808	18	1.011	smarttable
24	Q0	table-1452-736	19	0.984	smarttable
24	Q0	table-1492-790	20	0.976	smarttable
25	Q0	table-0569-902	1	1.99	smarttable
25	Q0	table-1469-456	2	1.987	smarttable
25	Q0	table-0569-903	3	1.968	smarttable
25	Q0	table-0569-909	4	1.947	smarttable
25	Q0	table-1469-455	5	1.937	smarttable
25	Q0	table-1469-457	6	1.933	smarttable
25	Q0	table-1469-451	7	1.925	smarttable
25	Q0	table-1469-452	8	1.925	smarttable
25	Q0	table-1469-453	9	1.915	smarttable
25	Q0	table-1469-454	10	1.904	smarttable
25	Q0	table-0569-905	11	1.851	smarttable
25	Q0	table-0569-908	12	1.843	smarttable
25	Q0	table-0569-906	13	1.831	smarttable
25	Q0	table-1469-448	14	1.783	smarttable
25	Q0	table-0569-907	15	1.762	smarttable
25	Q0	table-0569-904	16	1.762	smarttable
25	Q0	table-0569-899	17	1.749	smarttable
25	Q0	table-1469-458	18	1.723	smarttable
25	Q0	table-0969-3	19	1.65	smarttable
25	Q0	table-0569-900	20	1.602	smarttable
26	Q0	table-0529-771	1	0.878	smarttable
26	Q0	table-0529-770	2	0.874	smarttable
26	Q0	table-0387-60	3	0.769	smarttable
26	Q0	table-0952-496	4	0.512	smarttable
26	Q0	table-0387-47	5	0.487	smarttable
26	Q0	table-0675-954	6	0.261	smarttable
26	Q0	table-0180-427	7	0.254	smarttable
26	Q0	table-0675-934	8	0.25	smarttable
26	Q0	table-0677-673	9	0.25	smarttable
26	Q0	table-0676-39	10	0.248	smarttable
26	Q0	table-0676-60	11	0.24	smarttable
26	Q0	table-0713-460	12	0.234	smarttable
26	Q0	table-0349-8	13	0.234	smarttable
26	Q0	table-0675-592	14	0.233	smarttable
26	Q0	table-0675-659	15	0.222	smarttable
26	Q0	table-0677-812	16	0.212	smarttable
26	Q0	table-0675-947	17	0.194	smarttable
26	Q0	table-0387-587	18	0.19	smarttable
26	Q0	table-0492-926	19	0.185	smarttable
26	Q0	table-1479-337	20	0.18	smarttable
27	Q0	table-0007-924	1	0.418	smarttable
27	Q0	table-0329-723	2	0.319	smarttable
27	Q0	table-0065-495	3	0.305	smarttable
27	Q0	table-0610-22	4	0.303	smarttable
27	Q0	table-0610-21	5	0.291	smarttable
27	Q0	table-0007-925	6	0.26	smarttable
27	Q0	table-0795-251	7	0.251	smarttable
27	Q0	table-0804-473	8	0.23	smarttable
27	Q0	table-0804-475	9	0.228	smarttable
27	Q0	table-0296-506	10	0.209	smarttable
27	Q0	table-0826-93	11	0.187	smarttable
27	Q0	table-0763-642	12	0.185	smarttable
27	Q0	table-0695-860	13	0.183	smarttable
27	Q0	table-0295-899	14	0.169	smarttable
27	Q0	table-0208-817	15	0.162	smarttable
27	Q0	table-0082-35	16	0.162	smarttable
27	Q0	table-0609-656	17	0.158	smarttable
27	Q0	table-1482-277	18	0.149	smarttable
27	Q0	table-1438-848	19	0.145	smarttable
27	Q0	table-1087-758	20	0.136	smarttable
28	Q0	table-1116-904	1	1.318	smarttable
28	Q0	table-1116-768	2	1.29	smarttable
28	Q0	table-1117-4	3	1.099	smarttable
28	Q0	table-1117-80	4	1.059	smarttable
28	Q0	table-0104-408	5	0.722	smarttable
28	Q0	table-0011-452	6	0.71	smarttable
28	Q0	table-1571-795	7	0.698	smarttable
28	Q0	table-1518-807	8	0.609	smarttable
28	Q0	table-0011-449	9	0.582	smarttable
28	Q0	table-0011-447	10	0.566	smarttable
28	Q0	table-1472-114	11	0.558	smarttable
28	Q0	table-1517-609	12	0.543	smarttable
28	Q0	table-0213-664	13	0.537	smarttable
28	Q0	table-1607-162	14	0.525	smarttable
28	Q0	table-1188-685	15	0.523	smarttable
28	Q0	table-0587-13	16	0.499	smarttable
28	Q0	table-1014-332	17	0.481	smarttable
28	Q0	table-1548-900	18	0.481	smarttable
28	Q0	table-0254-402	19	0.465	smarttable
28	Q0	table-0326-298	20	0.454	smarttable
29	Q0	table-0355-972	1	1.464	smarttable
29	Q0	table-0355-422	2	1.449	smarttable
29	Q0	table-0355-804	3	1.448	smarttable
29	Q0	table-0111-77	4	1.441	smarttable
29	Q0	table-0357-725	5	1.416	smarttable
29	Q0	table-0357-944	6	1.407	smarttable
29	Q0	table-0356-511	7	1.389	smarttable
29	Q0	table-0356-611	8	1.375	smarttable
29	Q0	table-0427-720	9	1.183	smarttable
29	Q0	table-0358-30	10	1.179	smarttable
29	Q0	table-0427-703	11	1.171	smarttable
29	Q0	table-0427-705	12	1.169	smarttable
29	Q0	table-0428-118	13	1.162	smarttable
29	Q0	table-0357-162	14	1.161	smarttable
29	Q0	table-0356-842	15	1.158	smarttable
29	Q0	table-0428-148	16	1.157	smarttable
29	Q0	table-0356-174	17	1.155	smarttable
29	Q0	table-0151-397	18	1.154	smarttable
29	Q0	table-0428-136	19	1.145	smarttable
29	Q0	table-0357-364	20	1.133	smarttable
30	Q0	table-0779-302	1	0.427105263158	smarttable
30	Q0	table-0105-711	2	0.365	smarttable
30	Q0	table-0520-188	3	0.327416666667	smarttable
30	Q0	table-1576-434	4	0.313	smarttable
30	Q0	table-1012-982	5	0.306	smarttable
30	Q0	table-1253-975	6	0.279	smarttable
30	Q0	table-1253-973	7	0.26	smarttable
30	Q0	table-0779-303	8	0.258	smarttable
30	Q0	table-1012-983	9	0.257416666667	smarttable
30	Q0	table-0690-633	10	0.247	smarttable
30	Q0	table-1253-970	11	0.236	smarttable
30	Q0	table-0732-148	12	0.233	smarttable
30	Q0	table-1253-982	13	0.228	smarttable
30	Q0	table-1576-435	14	0.226	smarttable
30	Q0	table-1253-972	15	0.223	smarttable
30	Q0	table-0458-118	16	0.213	smarttable
30	Q0	table-1253-977	17	0.195	smarttable
30	Q0	table-1253-984	18	0.187	smarttable
30	Q0	table-1253-974	19	0.172	smarttable
30	Q0	table-1253-987	20	0.169	smarttable
31	Q0	table-1549-983	1	0.810272727273	smarttable
31	Q0	table-0873-520	2	0.66	smarttable
31	Q0	table-1537-765	3	0.632	smarttable
31	Q0	table-0257-379	4	0.593	smarttable
31	Q0	table-1197-397	5	0.583	smarttable
31	Q0	table-1627-2	6	0.549	smarttable
31	Q0	table-1590-536	7	0.544072727273	smarttable
31	Q0	table-0202-113	8	0.5035	smarttable
31	Q0	table-0017-237	9	0.459272727273	smarttable
31	Q0	table-0730-628	10	0.457	smarttable
31	Q0	table-1565-676	11	0.454272727273	smarttable
31	Q0	table-1551-19	12	0.425125	smarttable
31	Q0	table-1551-37	13	0.418272727273	smarttable
31	Q0	table-1594-912	14	0.417272727273	smarttable
31	Q0	table-1550-999	15	0.413	smarttable
31	Q0	table-1537-751	16	0.407125	smarttable
31	Q0	table-1437-521	17	0.407	smarttable
31	Q0	table-0419-513	18	0.406397727273	smarttable
31	Q0	table-0419-518	19	0.405397727273	smarttable
31	Q0	table-1551-35	20	0.403272727273	smarttable
32	Q0	table-0450-575	1	0.559	smarttable
32	Q0	table-0092-585	2	0.39	smarttable
32	Q0	table-0450-569	3	0.336	smarttable
32	Q0	table-0450-572	4	0.319	smarttable
32	Q0	table-0625-421	5	0.242	smarttable
32	Q0	table-0573-741	6	0.194	smarttable
32	Q0	table-0867-339	7	0.189	smarttable
32	Q0	table-1371-959	8	0.184	smarttable
32	Q0	table-1598-562	9	0.161	smarttable
32	Q0	table-1598-564	10	0.142	smarttable
32	Q0	table-0867-337	11	0.136	smarttable
32	Q0	table-1547-182	12	0.113	smarttable
32	Q0	table-0878-343	13	0.102	smarttable
32	Q0	table-0972-522	14	0.101	smarttable
32	Q0	table-1615-399	15	0.085	smarttable
32	Q0	table-1547-176	16	0.084	smarttable
32	Q0	table-0688-862	17	0.078	smarttable
32	Q0	table-1604-743	18	0.077	smarttable
32	Q0	table-0420-88	19	0.073	smarttable
32	Q0	table-1460-55	20	0.071	smarttable
33	Q0	table-0264-11	1	0.629	smarttable
33	Q0	table-1249-780	2	0.577	smarttable
33	Q0	table-0264-10	3	0.562	smarttable
33	Q0	table-0152-679	4	0.516	smarttable
33	Q0	table-0015-303	5	0.505	smarttable
33	Q0	table-0105-792	6	0.503	smarttable
33	Q0	table-0787-879	7	0.499	smarttable
33	Q0	table-0215-293	8	0.497	smarttable
33	Q0	table-1453-697	9	0.489	smarttable
33	Q0	table-0401-152	10	0.488	smarttable
33	Q0	table-0446-274	11	0.478	smarttable
33	Q0	table-0293-211	12	0.477	smarttable
33	Q0	table-0226-271	13	0.472	smarttable
33	Q0	table-0374-109	14	0.467	smarttable
33	Q0	table-0259-373	15	0.459	smarttable
33	Q0	table-0791-515	16	0.433	smarttable
33	Q0	table-0188-243	17	0.432	smarttable
33	Q0	table-1201-576	18	0.43	smarttable
33	Q0	table-1468-870	19	0.428	smarttable
33	Q0	table-0800-191	20	0.427	smarttable
34	Q0	table-0218-202	1	1.342	smarttable
34	Q0	table-1087-909	2	1.313	smarttable
34	Q0	table-1646-857	3	1.248	smarttable
34	Q0	table-0171-322	4	1.185	smarttable
34	Q0	table-1087-848	5	1.182	smarttable
34	Q0	table-0260-605	6	1.142	smarttable
34	Q0	table-1087-864	7	1.104	smarttable
34	Q0	table-1087-874	8	1.104	smarttable
34	Q0	table-1087-870	9	1.096	smarttable
34	Q0	table-1087-863	10	1.091	smarttable
34	Q0	table-1087-860	11	1.091	smarttable
34	Q0	table-1087-917	12	1.089	smarttable
34	Q0	table-1087-872	13	1.076	smarttable
34	Q0	table-1087-857	14	1.072	smarttable
34	Q0	table-1087-836	15	1.07	smarttable
34	Q0	table-1087-922	16	1.058	smarttable
34	Q0	table-1087-867	17	1.057	smarttable
34	Q0	table-1087-873	18	1.047	smarttable
34	Q0	table-1087-876	19	1.047	smarttable
34	Q0	table-1087-878	20	1.043	smarttable
35	Q0	table-0981-339	1	0.647	smarttable
35	Q0	table-1015-246	2	0.63	smarttable
35	Q0	table-1353-195	3	0.623	smarttable
35	Q0	table-0130-23	4	0.619	smarttable
35	Q0	table-0709-584	5	0.604	smarttable
35	Q0	table-0452-590	6	0.556	smarttable
35	Q0	table-1015-247	7	0.537	smarttable
35	Q0	table-0385-766	8	0.53	smarttable
35	Q0	table-0385-765	9	0.53	smarttable
35	Q0	table-0385-768	10	0.518	smarttable
35	Q0	table-0553-184	11	0.496	smarttable
35	Q0	table-0452-64	12	0.491	smarttable
35	Q0	table-0385-764	13	0.485	smarttable
35	Q0	table-0592-244	14	0.479	smarttable
35	Q0	table-0735-912	15	0.463	smarttable
35	Q0	table-0379-43	16	0.448	smarttable
35	Q0	table-0551-954	17	0.447	smarttable
35	Q0	table-0245-556	18	0.42	smarttable
35	Q0	table-0591-359	19	0.419	smarttable
35	Q0	table-0735-908	20	0.416	smarttable
36	Q0	table-0709-584	1	0.967	smarttable
36	Q0	table-0709-586	2	0.873	smarttable
36	Q0	table-0385-766	3	0.72	smarttable
36	Q0	table-0385-765	4	0.72	smarttable
36	Q0	table-0385-768	5	0.689	smarttable
36	Q0	table-0385-764	6	0.638	smarttable
36	Q0	table-1334-944	7	0.398	smarttable
36	Q0	table-0194-547	8	0.337	smarttable
36	Q0	table-0553-184	9	0.325	smarttable
36	Q0	table-1015-246	10	0.304	smarttable
36	Q0	table-0735-908	11	0.3	smarttable
36	Q0	table-0194-549	12	0.262	smarttable
36	Q0	table-0189-549	13	0.26	smarttable
36	Q0	table-1015-247	14	0.233	smarttable
36	Q0	table-0592-244	15	0.227	smarttable
36	Q0	table-0551-954	16	0.22	smarttable
36	Q0	table-0194-548	17	0.218	smarttable
36	Q0	table-0591-359	18	0.202	smarttable
36	Q0	table-1402-905	19	0.193	smarttable
36	Q0	table-1489-146	20	0.177	smarttable
37	Q0	table-0687-978	1	1.075	smarttable
37	Q0	table-0450-575	2	1.008	smarttable
37	Q0	table-0450-572	3	0.972	smarttable
37	Q0	table-0521-373	4	0.954	smarttable
37	Q0	table-1573-730	5	0.895	smarttable
37	Q0	table-1536-294	6	0.865	smarttable
37	Q0	table-0154-373	7	0.843	smarttable
37	Q0	table-0123-682	8	0.823	smarttable
37	Q0	table-0307-361	9	0.812	smarttable
37	Q0	table-1108-894	10	0.792	smarttable
37	Q0	table-0889-1	11	0.764	smarttable
37	Q0	table-0327-289	12	0.751	smarttable
37	Q0	table-0400-969	13	0.743	smarttable
37	Q0	table-1639-747	14	0.721	smarttable
37	Q0	table-1352-417	15	0.704	smarttable
37	Q0	table-0867-337	16	0.69	smarttable
37	Q0	table-0919-443	17	0.677	smarttable
37	Q0	table-1375-531	18	0.662	smarttable
37	Q0	table-1441-100	19	0.651	smarttable
37	Q0	table-0751-578	20	0.642	smarttable
38	Q0	table-0520-707	1	1.1154	smarttable
38	Q0	table-1017-538	2	0.949	smarttable
38	Q0	table-1451-328	3	0.741	smarttable
38	Q0	table-0116-212	4	0.591	smarttable
38	Q0	table-0057-365	5	0.5204	smarttable
38	Q0	table-0507-56	6	0.479	smarttable
38	Q0	table-0014-364	7	0.464	smarttable
38	Q0	table-1469-598	8	0.4524	smarttable
38	Q0	table-0765-964	9	0.439	smarttable
38	Q0	table-1232-9	10	0.392	smarttable
38	Q0	table-0985-943	11	0.38	smarttable
38	Q0	table-0403-805	12	0.379	smarttable
38	Q0	table-0001-400	13	0.374	smarttable
38	Q0	table-1274-494	14	0.364	smarttable
38	Q0	table-0503-364	15	0.360354545455	smarttable
38	Q0	table-1640-953	16	0.347	smarttable
38	Q0	table-1165-475	17	0.325	smarttable
38	Q0	table-0528-932	18	0.321	smarttable
38	Q0	table-0324-730	19	0.314	smarttable
38	Q0	table-0066-52	20	0.312	smarttable
39	Q0	table-1524-733	1	0.673	smarttable
39	Q0	table-0806-54	2	0.279	smarttable
39	Q0	table-0809-4	3	0.276	smarttable
39	Q0	table-1604-500	4	0.26	smarttable
39	Q0	table-0806-57	5	0.248533333333	smarttable
39	Q0	table-0806-58	6	0.218533333333	smarttable
39	Q0	table-0752-77	7	0.193	smarttable
39	Q0	table-1253-980	8	0.189	smarttable
39	Q0	table-0592-700	9	0.188	smarttable
39	Q0	table-1511-448	10	0.179	smarttable
39	Q0	table-1593-160	11	0.179	smarttable
39	Q0	table-1169-102	12	0.168	smarttable
39	Q0	table-0752-76	13	0.167	smarttable
39	Q0	table-1388-406	14	0.166	smarttable
39	Q0	table-1390-133	15	0.163	smarttable
39	Q0	table-0441-859	16	0.149	smarttable
39	Q0	table-0919-677	17	0.148	smarttable
39	Q0	table-0435-533	18	0.139	smarttable
39	Q0	table-1388-407	19	0.138	smarttable
39	Q0	table-0751-591	20	0.135	smarttable
40	Q0	table-1031-634	1	1.17	smarttable
40	Q0	table-0484-507	2	0.925	smarttable
40	Q0	table-0268-65	3	0.825602272727	smarttable
40	Q0	table-0899-319	4	0.821666666667	smarttable
40	Q0	table-1455-165	5	0.818060606061	smarttable
40	Q0	table-1045-652	6	0.773	smarttable
40	Q0	table-0268-63	7	0.710875	smarttable
40	Q0	table-1269-149	8	0.6927	smarttable
40	Q0	table-0880-38	9	0.68975	smarttable
40	Q0	table-0780-807	10	0.681560606061	smarttable
40	Q0	table-1455-161	11	0.677527272727	smarttable
40	Q0	table-0350-639	12	0.6	smarttable
40	Q0	table-1486-330	13	0.599	smarttable
40	Q0	table-1364-680	14	0.583227272727	smarttable
40	Q0	table-1634-345	15	0.567727272727	smarttable
40	Q0	table-1634-346	16	0.567727272727	smarttable
40	Q0	table-0222-36	17	0.549560606061	smarttable
40	Q0	table-0752-520	18	0.547727272727	smarttable
40	Q0	table-1053-499	19	0.547	smarttable
40	Q0	table-1577-423	20	0.531477272727	smarttable
41	Q0	table-1543-912	1	0.74	smarttable
41	Q0	table-0875-237	2	0.731	smarttable
41	Q0	table-0875-224	3	0.723	smarttable
41	Q0	table-0875-227	4	0.676	smarttable
41	Q0	table-0875-235	5	0.674	smarttable
41	Q0	table-0875-230	6	0.673	smarttable
41	Q0	table-0875-228	7	0.657	smarttable
41	Q0	table-0875-223	8	0.654	smarttable
41	Q0	table-0875-233	9	0.651	smarttable
41	Q0	table-0875-225	10	0.635	smarttable
41	Q0	table-0875-234	11	0.624	smarttable
41	Q0	table-0750-129	12	0.512	smarttable
41	Q0	table-0750-136	13	0.51	smarttable
41	Q0	table-0750-128	14	0.5	smarttable
41	Q0	table-0750-134	15	0.492	smarttable
41	Q0	table-0750-139	16	0.46	smarttable
41	Q0	table-1504-64	17	0.374	smarttable
41	Q0	table-0706-50	18	0.36	smarttable
41	Q0	table-1090-240	19	0.283230769231	smarttable
41	Q0	table-1090-244	20	0.252230769231	smarttable
42	Q0	table-0498-298	1	0.466	smarttable
42	Q0	table-1397-842	2	0.457	smarttable
42	Q0	table-1216-279	3	0.439	smarttable
42	Q0	table-0498-295	4	0.435	smarttable
42	Q0	table-0498-296	5	0.402	smarttable
42	Q0	table-1396-734	6	0.374	smarttable
42	Q0	table-1396-736	7	0.366	smarttable
42	Q0	table-0496-732	8	0.322	smarttable
42	Q0	table-0012-931	9	0.32	smarttable
42	Q0	table-0302-912	10	0.293	smarttable
42	Q0	table-1258-760	11	0.283666666667	smarttable
42	Q0	table-1616-401	12	0.273	smarttable
42	Q0	table-1349-592	13	0.263	smarttable
42	Q0	table-1396-738	14	0.26	smarttable
42	Q0	table-1396-737	15	0.227	smarttable
42	Q0	table-1640-316	16	0.226	smarttable
42	Q0	table-0108-87	17	0.21	smarttable
42	Q0	table-0552-599	18	0.202	smarttable
42	Q0	table-0935-684	19	0.187	smarttable
42	Q0	table-1396-735	20	0.173	smarttable
43	Q0	table-1611-525	1	0.965	smarttable
43	Q0	table-1612-83	2	0.94	smarttable
43	Q0	table-1612-3	3	0.93	smarttable
43	Q0	table-1611-936	4	0.905	smarttable
43	Q0	table-1612-45	5	0.897	smarttable
43	Q0	table-1611-848	6	0.895	smarttable
43	Q0	table-1610-132	7	0.894	smarttable
43	Q0	table-1611-930	8	0.878	smarttable
43	Q0	table-1611-900	9	0.868	smarttable
43	Q0	table-1611-535	10	0.866	smarttable
43	Q0	table-1616-344	11	0.864	smarttable
43	Q0	table-1609-798	12	0.861	smarttable
43	Q0	table-1611-452	13	0.853666666667	smarttable
43	Q0	table-1611-839	14	0.852	smarttable
43	Q0	table-1611-968	15	0.838	smarttable
43	Q0	table-1610-22	16	0.832533333333	smarttable
43	Q0	table-1612-41	17	0.829	smarttable
43	Q0	table-1611-550	18	0.821	smarttable
43	Q0	table-1612-18	19	0.819	smarttable
43	Q0	table-1611-975	20	0.814	smarttable
44	Q0	table-0698-536	1	1.022	smarttable
44	Q0	table-0698-538	2	0.956	smarttable
44	Q0	table-1528-923	3	0.783	smarttable
44	Q0	table-0698-537	4	0.773	smarttable
44	Q0	table-0351-374	5	0.637	smarttable
44	Q0	table-0351-399	6	0.514	smarttable
44	Q0	table-1591-383	7	0.452	smarttable
44	Q0	table-1008-629	8	0.398	smarttable
44	Q0	table-1008-630	9	0.31	smarttable
44	Q0	table-0412-643	10	0.263666666667	smarttable
44	Q0	table-1510-14	11	0.248	smarttable
44	Q0	table-0254-919	12	0.229	smarttable
44	Q0	table-1428-973	13	0.205	smarttable
44	Q0	table-1084-664	14	0.176	smarttable
44	Q0	table-1373-807	15	0.176	smarttable
44	Q0	table-0645-283	16	0.165	smarttable
44	Q0	table-0393-510	17	0.162	smarttable
44	Q0	table-0620-134	18	0.146	smarttable
44	Q0	table-0214-231	19	0.142	smarttable
44	Q0	table-0949-67	20	0.135	smarttable
45	Q0	table-0497-395	1	0.72	smarttable
45	Q0	table-0241-136	2	0.454	smarttable
45	Q0	table-0854-862	3	0.318	smarttable
45	Q0	table-0774-562	4	0.292	smarttable
45	Q0	table-0858-75	5	0.291	smarttable
45	Q0	table-0998-667	6	0.26	smarttable
45	Q0	table-0854-819	7	0.256	smarttable
45	Q0	table-0622-407	8	0.255	smarttable
45	Q0	table-1499-154	9	0.194	smarttable
45	Q0	table-0580-461	10	0.191	smarttable
45	Q0	table-1253-512	11	0.185	smarttable
45	Q0	table-0798-552	12	0.177	smarttable
45	Q0	table-0948-51	13	0.172	smarttable
45	Q0	table-0998-663	14	0.167	smarttable
45	Q0	table-0765-188	15	0.157	smarttable
45	Q0	table-1164-628	16	0.153	smarttable
45	Q0	table-0394-190	17	0.151	smarttable
45	Q0	table-1010-83	18	0.139	smarttable
45	Q0	table-1010-94	19	0.132	smarttable
45	Q0	table-1075-885	20	0.13	smarttable
46	Q0	table-1602-829	1	1.048	smarttable
46	Q0	table-1602-828	2	0.959	smarttable
46	Q0	table-1392-245	3	0.563	smarttable
46	Q0	table-0338-14	4	0.511	smarttable
46	Q0	table-1390-891	5	0.498	smarttable
46	Q0	table-0197-91	6	0.385	smarttable
46	Q0	table-1442-89	7	0.322	smarttable
46	Q0	table-0434-898	8	0.264	smarttable
46	Q0	table-1495-660	9	0.264	smarttable
46	Q0	table-1021-322	10	0.262	smarttable
46	Q0	table-1355-572	11	0.237	smarttable
46	Q0	table-1536-230	12	0.212	smarttable
46	Q0	table-0350-546	13	0.192	smarttable
46	Q0	table-1442-90	14	0.191	smarttable
46	Q0	table-1495-661	15	0.183	smarttable
46	Q0	table-1280-419	16	0.166	smarttable
46	Q0	table-1350-109	17	0.165	smarttable
46	Q0	table-1442-713	18	0.145	smarttable
46	Q0	table-1353-79	19	0.141	smarttable
46	Q0	table-0765-619	20	0.132	smarttable
47	Q0	table-1585-589	1	1.356	smarttable
47	Q0	table-1585-588	2	1.323	smarttable
47	Q0	table-0927-516	3	1.251	smarttable
47	Q0	table-0610-865	4	1.19075	smarttable
47	Q0	table-0927-515	5	1.166	smarttable
47	Q0	table-0282-68	6	1.16	smarttable
47	Q0	table-0087-619	7	1.142	smarttable
47	Q0	table-0728-796	8	1.101	smarttable
47	Q0	table-0480-100	9	1.073	smarttable
47	Q0	table-0853-850	10	1.064	smarttable
47	Q0	table-0927-517	11	1.035	smarttable
47	Q0	table-1616-401	12	0.97	smarttable
47	Q0	table-1391-524	13	0.962	smarttable
47	Q0	table-0224-786	14	0.95	smarttable
47	Q0	table-1391-525	15	0.905	smarttable
47	Q0	table-0498-295	16	0.787	smarttable
47	Q0	table-0791-311	17	0.78175	smarttable
47	Q0	table-1222-495	18	0.778	smarttable
47	Q0	table-1222-493	19	0.775	smarttable
47	Q0	table-0498-296	20	0.766	smarttable
48	Q0	table-1571-62	1	0.771	smarttable
48	Q0	table-0055-698	2	0.753	smarttable
48	Q0	table-0371-97	3	0.629	smarttable
48	Q0	table-1635-745	4	0.561	smarttable
48	Q0	table-0456-40	5	0.552	smarttable
48	Q0	table-1390-665	6	0.527	smarttable
48	Q0	table-1434-216	7	0.501	smarttable
48	Q0	table-1611-506	8	0.495	smarttable
48	Q0	table-1628-799	9	0.494	smarttable
48	Q0	table-1135-687	10	0.431	smarttable
48	Q0	table-1461-956	11	0.428	smarttable
48	Q0	table-0855-314	12	0.42	smarttable
48	Q0	table-1612-63	13	0.414611111111	smarttable
48	Q0	table-1612-207	14	0.414	smarttable
48	Q0	table-1611-907	15	0.406764102564	smarttable
48	Q0	table-1612-3	16	0.404	smarttable
48	Q0	table-0208-139	17	0.403	smarttable
48	Q0	table-0208-138	18	0.403	smarttable
48	Q0	table-1612-261	19	0.403	smarttable
48	Q0	table-0459-647	20	0.39725	smarttable
49	Q0	table-0002-320	1	0.695	smarttable
49	Q0	table-1502-45	2	0.665	smarttable
49	Q0	table-1633-945	3	0.562	smarttable
49	Q0	table-0846-443	4	0.558	smarttable
49	Q0	table-0019-690	5	0.543	smarttable
49	Q0	table-0497-834	6	0.53	smarttable
49	Q0	table-0404-288	7	0.487	smarttable
49	Q0	table-0255-225	8	0.462	smarttable
49	Q0	table-0325-192	9	0.343	smarttable
49	Q0	table-0058-281	10	0.302	smarttable
49	Q0	table-1017-379	11	0.294	smarttable
49	Q0	table-0948-802	12	0.262	smarttable
49	Q0	table-1310-170	13	0.241	smarttable
49	Q0	table-1567-897	14	0.235	smarttable
49	Q0	table-0346-490	15	0.22	smarttable
49	Q0	table-0948-803	16	0.218	smarttable
49	Q0	table-1522-309	17	0.199	smarttable
49	Q0	table-1216-279	18	0.199	smarttable
49	Q0	table-0876-486	19	0.195	smarttable
49	Q0	table-1567-896	20	0.188	smarttable
50	Q0	table-0227-700	1	0.977	smarttable
50	Q0	table-1405-724	2	0.951	smarttable
50	Q0	table-0814-491	3	0.417333333333	smarttable
50	Q0	table-0338-14	4	0.414	smarttable
50	Q0	table-0741-849	5	0.395333333333	smarttable
50	Q0	table-0741-866	6	0.3588	smarttable
50	Q0	table-0741-853	7	0.3568	smarttable
50	Q0	table-1570-787	8	0.332	smarttable
50	Q0	table-1462-531	9	0.31583030303	smarttable
50	Q0	table-0575-909	10	0.294	smarttable
50	Q0	table-1448-638	11	0.281333333333	smarttable
50	Q0	table-1442-712	12	0.278244444444	smarttable
50	Q0	table-0765-619	13	0.278	smarttable
50	Q0	table-1462-360	14	0.277466666667	smarttable
50	Q0	table-0947-828	15	0.264333333333	smarttable
50	Q0	table-0434-898	16	0.244	smarttable
50	Q0	table-1005-137	17	0.242333333333	smarttable
50	Q0	table-0888-964	18	0.240466666667	smarttable
50	Q0	table-1443-745	19	0.238	smarttable
50	Q0	table-1572-706	20	0.223	smarttable
51	Q0	table-0687-978	1	0.602	smarttable
51	Q0	table-1573-730	2	0.495	smarttable
51	Q0	table-0091-144	3	0.452	smarttable
51	Q0	table-1108-894	4	0.441	smarttable
51	Q0	table-0919-458	5	0.395	smarttable
51	Q0	table-1375-531	6	0.356	smarttable
51	Q0	table-1612-670	7	0.332069767442	smarttable
51	Q0	table-0889-1	8	0.306	smarttable
51	Q0	table-1639-747	9	0.305	smarttable
51	Q0	table-1627-93	10	0.288	smarttable
51	Q0	table-0893-879	11	0.281	smarttable
51	Q0	table-0521-373	12	0.26	smarttable
51	Q0	table-0420-541	13	0.254	smarttable
51	Q0	table-0375-762	14	0.25	smarttable
51	Q0	table-0375-763	15	0.248	smarttable
51	Q0	table-0900-829	16	0.245	smarttable
51	Q0	table-1640-1	17	0.228	smarttable
51	Q0	table-0123-682	18	0.211	smarttable
51	Q0	table-1626-838	19	0.211	smarttable
51	Q0	table-0669-690	20	0.207	smarttable
52	Q0	table-0131-736	1	0.478	smarttable
52	Q0	table-0368-850	2	0.276	smarttable
52	Q0	table-1331-268	3	0.273	smarttable
52	Q0	table-1447-122	4	0.228	smarttable
52	Q0	table-0701-646	5	0.221	smarttable
52	Q0	table-1336-806	6	0.217	smarttable
52	Q0	table-0350-520	7	0.211	smarttable
52	Q0	table-0383-291	8	0.19	smarttable
52	Q0	table-1005-326	9	0.177	smarttable
52	Q0	table-0848-924	10	0.175	smarttable
52	Q0	table-0155-563	11	0.167	smarttable
52	Q0	table-0701-647	12	0.148	smarttable
52	Q0	table-0301-348	13	0.143	smarttable
52	Q0	table-0088-469	14	0.141	smarttable
52	Q0	table-1478-737	15	0.135	smarttable
52	Q0	table-1497-578	16	0.127	smarttable
52	Q0	table-0931-697	17	0.124	smarttable
52	Q0	table-1574-364	18	0.118	smarttable
52	Q0	table-1482-885	19	0.114	smarttable
52	Q0	table-1431-695	20	0.104	smarttable
53	Q0	table-0587-651	1	0.474	smarttable
53	Q0	table-0297-350	2	0.421	smarttable
53	Q0	table-0612-61	3	0.417	smarttable
53	Q0	table-0469-344	4	0.414	smarttable
53	Q0	table-0563-407	5	0.404	smarttable
53	Q0	table-1198-23	6	0.403	smarttable
53	Q0	table-0469-995	7	0.396	smarttable
53	Q0	table-0852-883	8	0.395	smarttable
53	Q0	table-1029-430	9	0.389	smarttable
53	Q0	table-1031-529	10	0.385	smarttable
53	Q0	table-0524-487	11	0.384	smarttable
53	Q0	table-0469-351	12	0.383	smarttable
53	Q0	table-0846-215	13	0.371	smarttable
53	Q0	table-0569-611	14	0.368	smarttable
53	Q0	table-0744-179	15	0.367	smarttable
53	Q0	table-1219-458	16	0.351	smarttable
53	Q0	table-0655-948	17	0.347	smarttable
53	Q0	table-0470-9	18	0.347	smarttable
53	Q0	table-0849-194	19	0.346	smarttable
53	Q0	table-0497-863	20	0.344	smarttable
54	Q0	table-0090-631	1	0.668	smarttable
54	Q0	table-0090-633	2	0.65	smarttable
54	Q0	table-1580-209	3	0.622	smarttable
54	Q0	table-1580-219	4	0.587	smarttable
54	Q0	table-0455-593	5	0.566	smarttable
54	Q0	table-1208-515	6	0.561	smarttable
54	Q0	table-0115-440	7	0.484	smarttable
54	Q0	table-1208-517	8	0.473	smarttable
54	Q0	table-1580-213	9	0.454	smarttable
54	Q0	table-1208-520	10	0.451	smarttable
54	Q0	table-1580-211	11	0.444	smarttable
54	Q0	table-1208-518	12	0.442	smarttable
54	Q0	table-1580-221	13	0.43	smarttable
54	Q0	table-1580-217	14	0.425	smarttable
54	Q0	table-1208-522	15	0.424	smarttable
54	Q0	table-1580-214	16	0.418	smarttable
54	Q0	table-1580-212	17	0.4115	smarttable
54	Q0	table-1208-513	18	0.399	smarttable
54	Q0	table-1580-216	19	0.383	smarttable
54	Q0	table-1580-218	20	0.38	smarttable
55	Q0	table-0905-212	1	0.915	smarttable
55	Q0	table-0905-211	2	0.912	smarttable
55	Q0	table-1370-151	3	0.712	smarttable
55	Q0	table-1370-150	4	0.655	smarttable
55	Q0	table-0253-421	5	0.497	smarttable
55	Q0	table-1444-13	6	0.493	smarttable
55	Q0	table-0553-825	7	0.451	smarttable
55	Q0	table-1370-152	8	0.405777777778	smarttable
55	Q0	table-0259-714	9	0.297	smarttable
55	Q0	table-0262-856	10	0.29	smarttable
55	Q0	table-1526-626	11	0.254	smarttable
55	Q0	table-0378-500	12	0.242	smarttable
55	Q0	table-1615-647	13	0.228	smarttable
55	Q0	table-1356-971	14	0.223	smarttable
55	Q0	table-1370-149	15	0.211	smarttable
55	Q0	table-1611-612	16	0.193	smarttable
55	Q0	table-1015-954	17	0.191	smarttable
55	Q0	table-1605-266	18	0.175	smarttable
55	Q0	table-0634-466	19	0.174	smarttable
55	Q0	table-0107-797	20	0.171	smarttable
56	Q0	table-0546-964	1	1.247	smarttable
56	Q0	table-1114-461	2	1.124	smarttable
56	Q0	table-1559-591	3	1.027	smarttable
56	Q0	table-1510-622	4	0.957	smarttable
56	Q0	table-0514-315	5	0.855	smarttable
56	Q0	table-0546-965	6	0.849	smarttable
56	Q0	table-1181-620	7	0.833	smarttable
56	Q0	table-1265-636	8	0.781	smarttable
56	Q0	table-0514-321	9	0.775	smarttable
56	Q0	table-0546-963	10	0.738	smarttable
56	Q0	table-1450-964	11	0.738	smarttable
56	Q0	table-0234-862	12	0.725	smarttable
56	Q0	table-0527-784	13	0.696	smarttable
56	Q0	table-0528-368	14	0.68	smarttable
56	Q0	table-0378-117	15	0.675	smarttable
56	Q0	table-1055-666	16	0.623	smarttable
56	Q0	table-0151-825	17	0.608	smarttable
56	Q0	table-0548-553	18	0.602	smarttable
56	Q0	table-0548-554	19	0.599	smarttable
56	Q0	table-1436-698	20	0.589	smarttable
57	Q0	table-1547-841	1	0.397	smarttable
57	Q0	table-1631-669	2	0.365	smarttable
57	Q0	table-0838-403	3	0.319	smarttable
57	Q0	table-0907-688	4	0.316	smarttable
57	Q0	table-1473-106	5	0.295	smarttable
57	Q0	table-0895-528	6	0.293	smarttable
57	Q0	table-0062-134	7	0.293	smarttable
57	Q0	table-0907-558	8	0.276	smarttable
57	Q0	table-0144-708	9	0.274	smarttable
57	Q0	table-0212-250	10	0.266	smarttable
57	Q0	table-1473-104	11	0.261	smarttable
57	Q0	table-0834-347	12	0.233	smarttable
57	Q0	table-0507-188	13	0.213069767442	smarttable
57	Q0	table-1473-105	14	0.193	smarttable
57	Q0	table-1421-84	15	0.191	smarttable
57	Q0	table-0875-544	16	0.185	smarttable
57	Q0	table-1098-540	17	0.184	smarttable
57	Q0	table-0598-633	18	0.172	smarttable
57	Q0	table-0212-252	19	0.168	smarttable
57	Q0	table-0211-555	20	0.167069767442	smarttable
58	Q0	table-0721-948	1	0.93	smarttable
58	Q0	table-0721-949	2	0.509	smarttable
58	Q0	table-1311-373	3	0.441	smarttable
58	Q0	table-0817-634	4	0.44	smarttable
58	Q0	table-1288-783	5	0.438	smarttable
58	Q0	table-0978-10	6	0.229	smarttable
58	Q0	table-1356-303	7	0.19	smarttable
58	Q0	table-1091-792	8	0.145	smarttable
58	Q0	table-1238-589	9	0.127	smarttable
58	Q0	table-0651-51	10	0.125	smarttable
58	Q0	table-0293-842	11	0.123	smarttable
58	Q0	table-0085-87	12	0.122	smarttable
58	Q0	table-0606-7	13	0.121	smarttable
58	Q0	table-0596-476	14	0.118	smarttable
58	Q0	table-0071-586	15	0.115	smarttable
58	Q0	table-0627-582	16	0.114	smarttable
58	Q0	table-1385-697	17	0.11	smarttable
58	Q0	table-0547-658	18	0.11	smarttable
58	Q0	table-0806-10	19	0.109	smarttable
58	Q0	table-1127-243	20	0.1	smarttable
59	Q0	table-1264-76	1	0.914	smarttable
59	Q0	table-1219-20	2	0.839	smarttable
59	Q0	table-1054-794	3	0.836	smarttable
59	Q0	table-0474-103	4	0.815	smarttable
59	Q0	table-1542-143	5	0.804	smarttable
59	Q0	table-1437-680	6	0.793	smarttable
59	Q0	table-1421-438	7	0.743	smarttable
59	Q0	table-0819-430	8	0.499	smarttable
59	Q0	table-0819-329	9	0.499	smarttable
59	Q0	table-0859-400	10	0.486	smarttable
59	Q0	table-1488-994	11	0.476	smarttable
59	Q0	table-1113-680	12	0.475	smarttable
59	Q0	table-1088-407	13	0.425	smarttable
59	Q0	table-0983-581	14	0.421	smarttable
59	Q0	table-0819-414	15	0.401	smarttable
59	Q0	table-0818-856	16	0.399	smarttable
59	Q0	table-0819-437	17	0.386	smarttable
59	Q0	table-1421-433	18	0.38	smarttable
59	Q0	table-0063-984	19	0.375	smarttable
59	Q0	table-0819-383	20	0.329	smarttable
60	Q0	table-0030-123	1	1.016	smarttable
60	Q0	table-1568-191	2	0.979	smarttable
60	Q0	table-1464-4	3	0.922	smarttable
60	Q0	table-0249-823	4	0.893	smarttable
60	Q0	table-1376-550	5	0.865	smarttable
60	Q0	table-1052-535	6	0.844	smarttable
60	Q0	table-0379-27	7	0.842	smarttable
60	Q0	table-1526-545	8	0.841	smarttable
60	Q0	table-0902-57	9	0.817	smarttable
60	Q0	table-1353-328	10	0.815	smarttable
60	Q0	table-1577-496	11	0.813	smarttable
60	Q0	table-1604-834	12	0.789	smarttable
60	Q0	table-0604-281	13	0.781	smarttable
60	Q0	table-1389-290	14	0.765	smarttable
60	Q0	table-0497-384	15	0.761	smarttable
60	Q0	table-1279-578	16	0.755	smarttable
60	Q0	table-0831-590	17	0.744	smarttable
60	Q0	table-0836-976	18	0.679	smarttable
60	Q0	table-0440-409	19	0.666	smarttable
60	Q0	table-1052-957	20	0.664	smarttable
