1	Q0	table-0370-614	1	0.508	smarttable
1	Q0	table-0914-101	2	0.454	smarttable
1	Q0	table-1452-662	3	0.417	smarttable
1	Q0	table-1402-139	4	0.413	smarttable
1	Q0	table-0730-168	5	0.368	smarttable
1	Q0	table-0914-103	6	0.359	smarttable
1	Q0	table-0037-411	7	0.318	smarttable
1	Q0	table-1391-8	8	0.291	smarttable
1	Q0	table-0904-852	9	0.266	smarttable
1	Q0	table-0216-976	10	0.237	smarttable
1	Q0	table-0063-827	11	0.231	smarttable
1	Q0	table-0216-970	12	0.216	smarttable
1	Q0	table-0377-686	13	0.183	smarttable
1	Q0	table-0781-227	14	0.182052631579	smarttable
1	Q0	table-1042-895	15	0.169	smarttable
1	Q0	table-0168-741	16	0.169	smarttable
1	Q0	table-0031-203	17	0.167	smarttable
1	Q0	table-0749-810	18	0.151	smarttable
1	Q0	table-0707-517	19	0.151	smarttable
1	Q0	table-1318-690	20	0.15	smarttable
2	Q0	table-1552-729	1	0.825	smarttable
2	Q0	table-1408-874	2	0.805	smarttable
2	Q0	table-1408-869	3	0.736	smarttable
2	Q0	table-1408-871	4	0.626	smarttable
2	Q0	table-1408-870	5	0.611	smarttable
2	Q0	table-0406-134	6	0.536	smarttable
2	Q0	table-0331-42	7	0.529	smarttable
2	Q0	table-1600-861	8	0.527	smarttable
2	Q0	table-1621-634	9	0.46	smarttable
2	Q0	table-1578-197	10	0.453	smarttable
2	Q0	table-1064-455	11	0.433	smarttable
2	Q0	table-0384-730	12	0.425	smarttable
2	Q0	table-1064-381	13	0.425	smarttable
2	Q0	table-1047-140	14	0.419	smarttable
2	Q0	table-1047-58	15	0.417	smarttable
2	Q0	table-1047-143	16	0.41	smarttable
2	Q0	table-0938-613	17	0.406	smarttable
2	Q0	table-1186-590	18	0.403	smarttable
2	Q0	table-0346-14	19	0.4	smarttable
2	Q0	table-1047-153	20	0.398	smarttable
3	Q0	table-0005-925	1	1.259	smarttable
3	Q0	table-0005-926	2	1.259	smarttable
3	Q0	table-0005-924	3	1.257	smarttable
3	Q0	table-0005-921	4	1.254	smarttable
3	Q0	table-0005-922	5	1.254	smarttable
3	Q0	table-0005-923	6	1.254	smarttable
3	Q0	table-0483-357	7	1.123	smarttable
3	Q0	table-0005-927	8	1.06	smarttable
3	Q0	table-1435-370	9	0.929	smarttable
3	Q0	table-1546-808	10	0.875	smarttable
3	Q0	table-0312-107	11	0.829	smarttable
3	Q0	table-0928-773	12	0.82	smarttable
3	Q0	table-0187-658	13	0.806	smarttable
3	Q0	table-0007-837	14	0.7855	smarttable
3	Q0	table-0100-834	15	0.761	smarttable
3	Q0	table-0100-833	16	0.758	smarttable
3	Q0	table-0100-835	17	0.704	smarttable
3	Q0	table-0676-796	18	0.703	smarttable
3	Q0	table-1245-277	19	0.695	smarttable
3	Q0	table-1254-979	20	0.687	smarttable
4	Q0	table-1511-84	1	1.426	smarttable
4	Q0	table-1511-83	2	1.388	smarttable
4	Q0	table-1511-87	3	1.368	smarttable
4	Q0	table-1511-80	4	1.349	smarttable
4	Q0	table-1511-82	5	1.335	smarttable
4	Q0	table-1417-141	6	1.331	smarttable
4	Q0	table-1511-85	7	1.329	smarttable
4	Q0	table-1511-81	8	1.329	smarttable
4	Q0	table-1417-140	9	1.326	smarttable
4	Q0	table-1511-77	10	1.32	smarttable
4	Q0	table-1511-79	11	1.31	smarttable
4	Q0	table-1417-136	12	1.293	smarttable
4	Q0	table-1417-139	13	1.292	smarttable
4	Q0	table-1417-138	14	1.288	smarttable
4	Q0	table-1417-145	15	1.285	smarttable
4	Q0	table-1417-149	16	1.281	smarttable
4	Q0	table-1417-135	17	1.271	smarttable
4	Q0	table-1417-142	18	1.27	smarttable
4	Q0	table-1511-86	19	1.27	smarttable
4	Q0	table-1417-148	20	1.267	smarttable
5	Q0	table-0452-375	1	1.31062337662	smarttable
5	Q0	table-1530-281	2	1.21390909091	smarttable
5	Q0	table-1444-333	3	1.08190909091	smarttable
5	Q0	table-1264-72	4	1.06890909091	smarttable
5	Q0	table-1579-1000	5	1.04590909091	smarttable
5	Q0	table-1258-614	6	1.01557575758	smarttable
5	Q0	table-0248-862	7	1.00990909091	smarttable
5	Q0	table-0600-600	8	0.983909090909	smarttable
5	Q0	table-0600-606	9	0.914909090909	smarttable
5	Q0	table-0600-604	10	0.914909090909	smarttable
5	Q0	table-0600-601	11	0.896909090909	smarttable
5	Q0	table-0600-605	12	0.875909090909	smarttable
5	Q0	table-1371-139	13	0.843909090909	smarttable
5	Q0	table-1599-557	14	0.775909090909	smarttable
5	Q0	table-1412-411	15	0.736623376623	smarttable
5	Q0	table-1456-444	16	0.735623376623	smarttable
5	Q0	table-1143-49	17	0.713575757576	smarttable
5	Q0	table-0507-619	18	0.688909090909	smarttable
5	Q0	table-1241-882	19	0.687909090909	smarttable
5	Q0	table-1421-60	20	0.658623376623	smarttable
6	Q0	table-0402-824	1	1.20677777778	smarttable
6	Q0	table-1506-649	2	1.197	smarttable
6	Q0	table-1495-661	3	1.171	smarttable
6	Q0	table-1495-660	4	1.138	smarttable
6	Q0	table-0349-707	5	1.086	smarttable
6	Q0	table-1280-419	6	1.081	smarttable
6	Q0	table-0135-490	7	1.069	smarttable
6	Q0	table-1588-343	8	1.0403	smarttable
6	Q0	table-1370-780	9	1.022	smarttable
6	Q0	table-0729-805	10	1.012	smarttable
6	Q0	table-1359-957	11	0.9903	smarttable
6	Q0	table-1393-929	12	0.94075	smarttable
6	Q0	table-0417-972	13	0.888666666667	smarttable
6	Q0	table-0008-994	14	0.8713	smarttable
6	Q0	table-0878-982	15	0.8653	smarttable
6	Q0	table-1393-928	16	0.86375	smarttable
6	Q0	table-0313-748	17	0.842	smarttable
6	Q0	table-1421-346	18	0.83875	smarttable
6	Q0	table-0364-358	19	0.831	smarttable
6	Q0	table-1464-266	20	0.82214	smarttable
7	Q0	table-0453-280	1	0.604	smarttable
7	Q0	table-0592-701	2	0.493	smarttable
7	Q0	table-0453-279	3	0.425	smarttable
7	Q0	table-0289-554	4	0.387	smarttable
7	Q0	table-0678-627	5	0.368	smarttable
7	Q0	table-1492-675	6	0.351	smarttable
7	Q0	table-1211-1000	7	0.329	smarttable
7	Q0	table-0289-557	8	0.326	smarttable
7	Q0	table-0291-159	9	0.317	smarttable
7	Q0	table-0406-281	10	0.315	smarttable
7	Q0	table-0289-556	11	0.313	smarttable
7	Q0	table-0289-558	12	0.313	smarttable
7	Q0	table-1016-914	13	0.312	smarttable
7	Q0	table-0289-553	14	0.305	smarttable
7	Q0	table-0678-625	15	0.303	smarttable
7	Q0	table-0519-449	16	0.288	smarttable
7	Q0	table-1417-774	17	0.263	smarttable
7	Q0	table-1582-619	18	0.261	smarttable
7	Q0	table-0870-141	19	0.258	smarttable
7	Q0	table-0048-583	20	0.258	smarttable
8	Q0	table-0176-187	1	1.4507	smarttable
8	Q0	table-0145-207	2	1.4377	smarttable
8	Q0	table-0044-50	3	1.3737	smarttable
8	Q0	table-1358-28	4	1.34469166667	smarttable
8	Q0	table-0177-459	5	1.1867	smarttable
8	Q0	table-1610-48	6	1.1607	smarttable
8	Q0	table-0569-730	7	0.878466666667	smarttable
8	Q0	table-1389-263	8	0.84245	smarttable
8	Q0	table-1389-262	9	0.8047	smarttable
8	Q0	table-0633-54	10	0.783	smarttable
8	Q0	table-0628-491	11	0.768	smarttable
8	Q0	table-1389-264	12	0.66545	smarttable
8	Q0	table-0625-924	13	0.6271	smarttable
8	Q0	table-0125-915	14	0.6051875	smarttable
8	Q0	table-0366-991	15	0.599	smarttable
8	Q0	table-0858-955	16	0.569	smarttable
8	Q0	table-0461-640	17	0.549	smarttable
8	Q0	table-0022-251	18	0.5227	smarttable
8	Q0	table-0249-249	19	0.5141	smarttable
8	Q0	table-1509-515	20	0.47375	smarttable
9	Q0	table-1619-337	1	1.279	smarttable
9	Q0	table-1619-336	2	1.095	smarttable
9	Q0	table-0601-201	3	0.981	smarttable
9	Q0	table-0601-199	4	0.973	smarttable
9	Q0	table-0601-200	5	0.879	smarttable
9	Q0	table-0600-579	6	0.748	smarttable
9	Q0	table-0371-315	7	0.735	smarttable
9	Q0	table-0371-314	8	0.688	smarttable
9	Q0	table-0471-463	9	0.523	smarttable
9	Q0	table-0585-98	10	0.447	smarttable
9	Q0	table-1403-409	11	0.375	smarttable
9	Q0	table-1402-476	12	0.374833333333	smarttable
9	Q0	table-1402-475	13	0.304833333333	smarttable
9	Q0	table-0383-921	14	0.295	smarttable
9	Q0	table-0436-667	15	0.239	smarttable
9	Q0	table-0731-979	16	0.231	smarttable
9	Q0	table-0538-779	17	0.216	smarttable
9	Q0	table-0132-349	18	0.212	smarttable
9	Q0	table-0430-782	19	0.211	smarttable
9	Q0	table-0824-357	20	0.21	smarttable
10	Q0	table-1384-652	1	0.618	smarttable
10	Q0	table-1387-237	2	0.587	smarttable
10	Q0	table-1091-421	3	0.517	smarttable
10	Q0	table-1384-649	4	0.491	smarttable
10	Q0	table-1384-653	5	0.418	smarttable
10	Q0	table-0384-352	6	0.365	smarttable
10	Q0	table-1384-651	7	0.364	smarttable
10	Q0	table-0384-349	8	0.333	smarttable
10	Q0	table-1384-654	9	0.331	smarttable
10	Q0	table-0791-274	10	0.329	smarttable
10	Q0	table-0384-350	11	0.323	smarttable
10	Q0	table-0384-354	12	0.283	smarttable
10	Q0	table-0384-348	13	0.279	smarttable
10	Q0	table-0384-351	14	0.278	smarttable
10	Q0	table-0201-222	15	0.198	smarttable
10	Q0	table-0152-596	16	0.186	smarttable
10	Q0	table-0854-910	17	0.171	smarttable
10	Q0	table-1098-252	18	0.153	smarttable
10	Q0	table-0921-716	19	0.144	smarttable
10	Q0	table-0909-884	20	0.127	smarttable
11	Q0	table-0891-868	1	1.303	smarttable
11	Q0	table-0891-869	2	1.198	smarttable
11	Q0	table-0179-26	3	1.17466666667	smarttable
11	Q0	table-1016-927	4	1.112	smarttable
11	Q0	table-1518-448	5	0.948	smarttable
11	Q0	table-1196-415	6	0.92984	smarttable
11	Q0	table-1627-735	7	0.912	smarttable
11	Q0	table-1256-358	8	0.88584	smarttable
11	Q0	table-0951-285	9	0.865	smarttable
11	Q0	table-1283-492	10	0.86184	smarttable
11	Q0	table-1501-924	11	0.858	smarttable
11	Q0	table-1196-913	12	0.85384	smarttable
11	Q0	table-1111-100	13	0.84	smarttable
11	Q0	table-0313-781	14	0.836	smarttable
11	Q0	table-1080-516	15	0.805	smarttable
11	Q0	table-1409-125	16	0.786266666667	smarttable
11	Q0	table-1383-130	17	0.785	smarttable
11	Q0	table-0951-286	18	0.771	smarttable
11	Q0	table-0497-597	19	0.76884	smarttable
11	Q0	table-1479-55	20	0.746	smarttable
12	Q0	table-0943-565	1	0.4396	smarttable
12	Q0	table-1420-566	2	0.4386	smarttable
12	Q0	table-1653-388	3	0.4322	smarttable
12	Q0	table-1204-834	4	0.432	smarttable
12	Q0	table-1315-700	5	0.416	smarttable
12	Q0	table-0146-574	6	0.3996	smarttable
12	Q0	table-0146-573	7	0.3914	smarttable
12	Q0	table-1596-10	8	0.3532	smarttable
12	Q0	table-1580-56	9	0.3402	smarttable
12	Q0	table-0016-922	10	0.331	smarttable
12	Q0	table-0012-373	11	0.3242	smarttable
12	Q0	table-0880-401	12	0.3192	smarttable
12	Q0	table-0077-563	13	0.276	smarttable
12	Q0	table-1290-247	14	0.271666666667	smarttable
12	Q0	table-0159-635	15	0.2712	smarttable
12	Q0	table-1028-382	16	0.262	smarttable
12	Q0	table-1230-725	17	0.245	smarttable
12	Q0	table-1119-799	18	0.235	smarttable
12	Q0	table-1603-50	19	0.218	smarttable
12	Q0	table-1591-155	20	0.217	smarttable
13	Q0	table-1447-381	1	1.22633333333	smarttable
13	Q0	table-0482-24	2	1.21833333333	smarttable
13	Q0	table-1613-935	3	1.175	smarttable
13	Q0	table-0610-56	4	1.15333333333	smarttable
13	Q0	table-0263-444	5	1.11733333333	smarttable
13	Q0	table-1447-380	6	1.07333333333	smarttable
13	Q0	table-1365-737	7	1.07033333333	smarttable
13	Q0	table-1320-890	8	1.06333333333	smarttable
13	Q0	table-1640-284	9	1.02633333333	smarttable
13	Q0	table-0204-990	10	0.966333333333	smarttable
13	Q0	table-0311-394	11	0.955	smarttable
13	Q0	table-1597-359	12	0.937333333333	smarttable
13	Q0	table-1545-121	13	0.847333333333	smarttable
13	Q0	table-0311-393	14	0.756	smarttable
13	Q0	table-1036-133	15	0.731	smarttable
13	Q0	table-0686-862	16	0.705	smarttable
13	Q0	table-1647-839	17	0.685333333333	smarttable
13	Q0	table-0716-591	18	0.592333333333	smarttable
13	Q0	table-0072-231	19	0.538	smarttable
13	Q0	table-0674-36	20	0.521333333333	smarttable
14	Q0	table-1579-731	1	0.626	smarttable
14	Q0	table-0354-325	2	0.51	smarttable
14	Q0	table-1277-865	3	0.447	smarttable
14	Q0	table-1277-861	4	0.387	smarttable
14	Q0	table-1277-863	5	0.274	smarttable
14	Q0	table-1281-687	6	0.232	smarttable
14	Q0	table-1553-694	7	0.214	smarttable
14	Q0	table-1012-862	8	0.212	smarttable
14	Q0	table-1509-303	9	0.2	smarttable
14	Q0	table-1012-845	10	0.189	smarttable
14	Q0	table-1250-339	11	0.186	smarttable
14	Q0	table-1621-415	12	0.175	smarttable
14	Q0	table-0833-423	13	0.174	smarttable
14	Q0	table-0149-434	14	0.174	smarttable
14	Q0	table-1638-764	15	0.166	smarttable
14	Q0	table-0833-422	16	0.162	smarttable
14	Q0	table-0392-579	17	0.148	smarttable
14	Q0	table-1358-137	18	0.146	smarttable
14	Q0	table-1392-358	19	0.142	smarttable
14	Q0	table-0370-691	20	0.14011	smarttable
15	Q0	table-1413-649	1	0.868166666667	smarttable
15	Q0	table-1413-655	2	0.868	smarttable
15	Q0	table-1413-652	3	0.824	smarttable
15	Q0	table-1413-648	4	0.782	smarttable
15	Q0	table-1289-865	5	0.727	smarttable
15	Q0	table-1247-799	6	0.571	smarttable
15	Q0	table-0586-829	7	0.498	smarttable
15	Q0	table-0586-830	8	0.475	smarttable
15	Q0	table-0367-101	9	0.408	smarttable
15	Q0	table-1247-798	10	0.385	smarttable
15	Q0	table-0842-845	11	0.383	smarttable
15	Q0	table-0306-942	12	0.342	smarttable
15	Q0	table-0311-758	13	0.335	smarttable
15	Q0	table-1107-806	14	0.318	smarttable
15	Q0	table-0311-996	15	0.268	smarttable
15	Q0	table-0312-4	16	0.243	smarttable
15	Q0	table-0308-599	17	0.238	smarttable
15	Q0	table-0312-31	18	0.221	smarttable
15	Q0	table-0960-733	19	0.218	smarttable
15	Q0	table-1332-348	20	0.218	smarttable
16	Q0	table-0401-729	1	1.10363888889	smarttable
16	Q0	table-0096-57	2	0.879	smarttable
16	Q0	table-0172-991	3	0.871972222222	smarttable
16	Q0	table-0704-620	4	0.858638888889	smarttable
16	Q0	table-1180-888	5	0.685972222222	smarttable
16	Q0	table-0431-12	6	0.669638888889	smarttable
16	Q0	table-1515-757	7	0.479638888889	smarttable
16	Q0	table-0523-269	8	0.445	smarttable
16	Q0	table-0336-744	9	0.425	smarttable
16	Q0	table-1441-100	10	0.424972222222	smarttable
16	Q0	table-1424-415	11	0.387	smarttable
16	Q0	table-1007-407	12	0.386	smarttable
16	Q0	table-0766-472	13	0.371638888889	smarttable
16	Q0	table-0633-236	14	0.35	smarttable
16	Q0	table-0811-503	15	0.343	smarttable
16	Q0	table-0949-855	16	0.333972222222	smarttable
16	Q0	table-0705-117	17	0.324	smarttable
16	Q0	table-0686-595	18	0.317	smarttable
16	Q0	table-0824-528	19	0.313	smarttable
16	Q0	table-0715-118	20	0.313	smarttable
17	Q0	table-0677-684	1	0.87	smarttable
17	Q0	table-1258-777	2	0.731	smarttable
17	Q0	table-0160-841	3	0.661	smarttable
17	Q0	table-0140-687	4	0.64	smarttable
17	Q0	table-1027-79	5	0.598	smarttable
17	Q0	table-1364-568	6	0.553	smarttable
17	Q0	table-1554-655	7	0.546	smarttable
17	Q0	table-1365-564	8	0.545	smarttable
17	Q0	table-1027-78	9	0.512	smarttable
17	Q0	table-1571-18	10	0.493	smarttable
17	Q0	table-0349-674	11	0.486	smarttable
17	Q0	table-1529-721	12	0.479	smarttable
17	Q0	table-1442-99	13	0.478	smarttable
17	Q0	table-1442-96	14	0.462	smarttable
17	Q0	table-0160-842	15	0.462	smarttable
17	Q0	table-1442-78	16	0.457	smarttable
17	Q0	table-1442-90	17	0.454	smarttable
17	Q0	table-1442-89	18	0.446	smarttable
17	Q0	table-1442-91	19	0.445	smarttable
17	Q0	table-1442-92	20	0.443	smarttable
18	Q0	table-0650-177	1	1.196	smarttable
18	Q0	table-0650-180	2	1.146	smarttable
18	Q0	table-0884-203	3	1.086	smarttable
18	Q0	table-0024-849	4	1.047	smarttable
18	Q0	table-0650-179	5	1.025	smarttable
18	Q0	table-0024-851	6	1.014	smarttable
18	Q0	table-0884-202	7	1.01	smarttable
18	Q0	table-0650-178	8	0.991	smarttable
18	Q0	table-0024-850	9	0.984	smarttable
18	Q0	table-0024-852	10	0.961	smarttable
18	Q0	table-0757-699	11	0.942	smarttable
18	Q0	table-0871-314	12	0.776	smarttable
18	Q0	table-1515-871	13	0.725	smarttable
18	Q0	table-0148-534	14	0.703	smarttable
18	Q0	table-0575-338	15	0.608	smarttable
18	Q0	table-0176-451	16	0.591	smarttable
18	Q0	table-0239-407	17	0.542	smarttable
18	Q0	table-1650-553	18	0.517	smarttable
18	Q0	table-0588-897	19	0.512	smarttable
18	Q0	table-0588-469	20	0.511	smarttable
19	Q0	table-1453-183	1	0.483	smarttable
19	Q0	table-0090-107	2	0.479	smarttable
19	Q0	table-1453-184	3	0.474	smarttable
19	Q0	table-1453-180	4	0.473	smarttable
19	Q0	table-0540-631	5	0.392	smarttable
19	Q0	table-1453-178	6	0.38	smarttable
19	Q0	table-0985-716	7	0.317	smarttable
19	Q0	table-1605-522	8	0.267166666667	smarttable
19	Q0	table-1069-733	9	0.232	smarttable
19	Q0	table-1069-756	10	0.23	smarttable
19	Q0	table-0747-199	11	0.209	smarttable
19	Q0	table-0009-819	12	0.205	smarttable
19	Q0	table-1352-406	13	0.204	smarttable
19	Q0	table-0292-548	14	0.199	smarttable
19	Q0	table-1604-500	15	0.186	smarttable
19	Q0	table-1539-316	16	0.176	smarttable
19	Q0	table-0649-521	17	0.176	smarttable
19	Q0	table-0258-771	18	0.175	smarttable
19	Q0	table-0922-919	19	0.159	smarttable
19	Q0	table-1630-157	20	0.157	smarttable
20	Q0	table-1591-498	1	1.422	smarttable
20	Q0	table-1628-974	2	1.326	smarttable
20	Q0	table-0202-12	3	1.28	smarttable
20	Q0	table-1628-970	4	1.268	smarttable
20	Q0	table-1628-969	5	1.267	smarttable
20	Q0	table-1628-976	6	1.257	smarttable
20	Q0	table-1628-971	7	1.257	smarttable
20	Q0	table-1628-977	8	1.249	smarttable
20	Q0	table-1628-972	9	1.234	smarttable
20	Q0	table-1628-975	10	1.234	smarttable
20	Q0	table-0552-213	11	1.231	smarttable
20	Q0	table-1628-973	12	1.216	smarttable
20	Q0	table-0552-212	13	1.198	smarttable
20	Q0	table-1531-715	14	1.039	smarttable
20	Q0	table-1531-714	15	1.034	smarttable
20	Q0	table-0636-282	16	1.002	smarttable
20	Q0	table-0397-907	17	0.982	smarttable
20	Q0	table-0232-312	18	0.949	smarttable
20	Q0	table-1051-457	19	0.947	smarttable
20	Q0	table-0397-906	20	0.935	smarttable
21	Q0	table-0222-392	1	0.791	smarttable
21	Q0	table-0057-386	2	0.781	smarttable
21	Q0	table-1350-462	3	0.717	smarttable
21	Q0	table-0825-384	4	0.694	smarttable
21	Q0	table-1207-486	5	0.55111	smarttable
21	Q0	table-0167-101	6	0.347	smarttable
21	Q0	table-0061-292	7	0.333	smarttable
21	Q0	table-1448-537	8	0.255	smarttable
21	Q0	table-1483-428	9	0.25411	smarttable
21	Q0	table-1493-389	10	0.245	smarttable
21	Q0	table-1227-229	11	0.244	smarttable
21	Q0	table-1636-829	12	0.236	smarttable
21	Q0	table-0611-612	13	0.223	smarttable
21	Q0	table-1035-871	14	0.21	smarttable
21	Q0	table-1035-872	15	0.195	smarttable
21	Q0	table-0496-390	16	0.19411	smarttable
21	Q0	table-1636-686	17	0.192	smarttable
21	Q0	table-1003-161	18	0.191	smarttable
21	Q0	table-0536-541	19	0.186	smarttable
21	Q0	table-0161-288	20	0.186	smarttable
22	Q0	table-0695-982	1	0.472	smarttable
22	Q0	table-0366-775	2	0.397	smarttable
22	Q0	table-0039-982	3	0.321	smarttable
22	Q0	table-0364-40	4	0.311	smarttable
22	Q0	table-0364-38	5	0.308	smarttable
22	Q0	table-1571-140	6	0.299	smarttable
22	Q0	table-0549-331	7	0.294875	smarttable
22	Q0	table-1570-558	8	0.289	smarttable
22	Q0	table-0366-773	9	0.266	smarttable
22	Q0	table-1067-275	10	0.232	smarttable
22	Q0	table-0366-777	11	0.225	smarttable
22	Q0	table-0401-930	12	0.22	smarttable
22	Q0	table-1030-709	13	0.214875	smarttable
22	Q0	table-0995-273	14	0.206	smarttable
22	Q0	table-1582-187	15	0.196	smarttable
22	Q0	table-0640-506	16	0.193	smarttable
22	Q0	table-0056-581	17	0.177	smarttable
22	Q0	table-1626-811	18	0.163	smarttable
22	Q0	table-0532-499	19	0.151166666667	smarttable
22	Q0	table-0406-400	20	0.146	smarttable
23	Q0	table-0813-442	1	1.094	smarttable
23	Q0	table-0209-363	2	1.027	smarttable
23	Q0	table-1070-327	3	0.969	smarttable
23	Q0	table-1070-326	4	0.952	smarttable
23	Q0	table-0498-297	5	0.925	smarttable
23	Q0	table-1176-644	6	0.916	smarttable
23	Q0	table-1420-880	7	0.912	smarttable
23	Q0	table-0458-601	8	0.9	smarttable
23	Q0	table-1554-331	9	0.86	smarttable
23	Q0	table-1554-330	10	0.858	smarttable
23	Q0	table-0333-158	11	0.827	smarttable
23	Q0	table-1587-825	12	0.802	smarttable
23	Q0	table-0830-358	13	0.774	smarttable
23	Q0	table-1007-467	14	0.759	smarttable
23	Q0	table-1636-132	15	0.719	smarttable
23	Q0	table-1497-678	16	0.706	smarttable
23	Q0	table-0244-3	17	0.668	smarttable
23	Q0	table-1491-748	18	0.659	smarttable
23	Q0	table-0270-496	19	0.654	smarttable
23	Q0	table-1256-357	20	0.648	smarttable
24	Q0	table-0202-593	1	0.851	smarttable
24	Q0	table-1452-736	2	0.818833333333	smarttable
24	Q0	table-0581-69	3	0.8	smarttable
24	Q0	table-0729-940	4	0.77	smarttable
24	Q0	table-0468-712	5	0.763	smarttable
24	Q0	table-1452-735	6	0.76	smarttable
24	Q0	table-0708-258	7	0.754	smarttable
24	Q0	table-1335-447	8	0.738	smarttable
24	Q0	table-1452-734	9	0.721	smarttable
24	Q0	table-0189-549	10	0.691	smarttable
24	Q0	table-1027-438	11	0.68	smarttable
24	Q0	table-0120-714	12	0.668	smarttable
24	Q0	table-0355-152	13	0.65	smarttable
24	Q0	table-0630-912	14	0.634	smarttable
24	Q0	table-0521-808	15	0.606	smarttable
24	Q0	table-0678-940	16	0.604	smarttable
24	Q0	table-1492-796	17	0.6	smarttable
24	Q0	table-1492-768	18	0.596	smarttable
24	Q0	table-1492-804	19	0.594	smarttable
24	Q0	table-1492-782	20	0.592	smarttable
25	Q0	table-1469-456	1	2.0	smarttable
25	Q0	table-0569-902	2	1.996	smarttable
25	Q0	table-0569-906	3	1.984	smarttable
25	Q0	table-0569-907	4	1.984	smarttable
25	Q0	table-0569-908	5	1.984	smarttable
25	Q0	table-0569-905	6	1.984	smarttable
25	Q0	table-0569-909	7	1.984	smarttable
25	Q0	table-0569-903	8	1.983	smarttable
25	Q0	table-0569-904	9	1.983	smarttable
25	Q0	table-1469-451	10	1.977	smarttable
25	Q0	table-1469-457	11	1.977	smarttable
25	Q0	table-1469-455	12	1.977	smarttable
25	Q0	table-1469-452	13	1.977	smarttable
25	Q0	table-1469-454	14	1.977	smarttable
25	Q0	table-1469-453	15	1.977	smarttable
25	Q0	table-0569-899	16	1.887	smarttable
25	Q0	table-1469-448	17	1.839	smarttable
25	Q0	table-1469-458	18	1.837	smarttable
25	Q0	table-0569-900	19	1.832	smarttable
25	Q0	table-0616-645	20	1.57	smarttable
26	Q0	table-0387-60	1	0.705	smarttable
26	Q0	table-0387-47	2	0.705	smarttable
26	Q0	table-0952-496	3	0.682	smarttable
26	Q0	table-0529-770	4	0.659	smarttable
26	Q0	table-0529-771	5	0.652	smarttable
26	Q0	table-0109-237	6	0.388	smarttable
26	Q0	table-0375-830	7	0.333	smarttable
26	Q0	table-0375-831	8	0.297	smarttable
26	Q0	table-1482-914	9	0.278333333333	smarttable
26	Q0	table-1479-337	10	0.277	smarttable
26	Q0	table-0420-837	11	0.256	smarttable
26	Q0	table-0420-793	12	0.251	smarttable
26	Q0	table-0713-460	13	0.248	smarttable
26	Q0	table-0180-427	14	0.247	smarttable
26	Q0	table-0652-497	15	0.243	smarttable
26	Q0	table-0677-673	16	0.239	smarttable
26	Q0	table-0456-95	17	0.231	smarttable
26	Q0	table-0676-39	18	0.23	smarttable
26	Q0	table-0480-47	19	0.23	smarttable
26	Q0	table-0978-762	20	0.227	smarttable
27	Q0	table-0007-925	1	0.76	smarttable
27	Q0	table-0208-817	2	0.377	smarttable
27	Q0	table-0065-495	3	0.365	smarttable
27	Q0	table-0007-924	4	0.356	smarttable
27	Q0	table-0295-899	5	0.347	smarttable
27	Q0	table-0804-473	6	0.274	smarttable
27	Q0	table-0804-475	7	0.274	smarttable
27	Q0	table-0296-506	8	0.271	smarttable
27	Q0	table-1438-848	9	0.261	smarttable
27	Q0	table-0610-22	10	0.259	smarttable
27	Q0	table-1340-721	11	0.252	smarttable
27	Q0	table-0610-21	12	0.232	smarttable
27	Q0	table-1482-277	13	0.227	smarttable
27	Q0	table-0329-723	14	0.211	smarttable
27	Q0	table-0826-93	15	0.196	smarttable
27	Q0	table-1397-454	16	0.184	smarttable
27	Q0	table-0609-656	17	0.167	smarttable
27	Q0	table-0695-860	18	0.167	smarttable
27	Q0	table-1412-182	19	0.157	smarttable
27	Q0	table-0703-920	20	0.156	smarttable
28	Q0	table-1117-4	1	1.205	smarttable
28	Q0	table-1117-80	2	1.18	smarttable
28	Q0	table-1116-768	3	1.176	smarttable
28	Q0	table-1116-904	4	1.129	smarttable
28	Q0	table-1571-795	5	0.904	smarttable
28	Q0	table-1320-478	6	0.686	smarttable
28	Q0	table-0011-447	7	0.587	smarttable
28	Q0	table-1607-162	8	0.557	smarttable
28	Q0	table-1472-114	9	0.533	smarttable
28	Q0	table-0104-408	10	0.525	smarttable
28	Q0	table-0011-449	11	0.523	smarttable
28	Q0	table-1014-332	12	0.521	smarttable
28	Q0	table-1548-900	13	0.486	smarttable
28	Q0	table-0011-452	14	0.471	smarttable
28	Q0	table-0213-664	15	0.439	smarttable
28	Q0	table-1455-264	16	0.432	smarttable
28	Q0	table-1458-711	17	0.4	smarttable
28	Q0	table-1150-885	18	0.3558	smarttable
28	Q0	table-0514-801	19	0.353	smarttable
28	Q0	table-1188-685	20	0.337	smarttable
29	Q0	table-0355-972	1	1.485	smarttable
29	Q0	table-0356-611	2	1.48	smarttable
29	Q0	table-0355-422	3	1.473	smarttable
29	Q0	table-0356-511	4	1.468	smarttable
29	Q0	table-0357-944	5	1.45	smarttable
29	Q0	table-0355-804	6	1.444	smarttable
29	Q0	table-0357-725	7	1.444	smarttable
29	Q0	table-0111-77	8	1.389	smarttable
29	Q0	table-0151-397	9	1.194	smarttable
29	Q0	table-0427-720	10	1.18	smarttable
29	Q0	table-0427-703	11	1.18	smarttable
29	Q0	table-0428-156	12	1.179	smarttable
29	Q0	table-0357-260	13	1.177	smarttable
29	Q0	table-0428-148	14	1.177	smarttable
29	Q0	table-0428-136	15	1.175	smarttable
29	Q0	table-0358-30	16	1.175	smarttable
29	Q0	table-0427-705	17	1.172	smarttable
29	Q0	table-0428-118	18	1.17	smarttable
29	Q0	table-0357-364	19	1.166	smarttable
29	Q0	table-0356-174	20	1.165	smarttable
30	Q0	table-1576-434	1	0.389	smarttable
30	Q0	table-0520-188	2	0.386	smarttable
30	Q0	table-1012-982	3	0.379	smarttable
30	Q0	table-1012-983	4	0.362	smarttable
30	Q0	table-1253-970	5	0.321	smarttable
30	Q0	table-0690-633	6	0.316	smarttable
30	Q0	table-1253-974	7	0.309	smarttable
30	Q0	table-1253-973	8	0.299	smarttable
30	Q0	table-0092-887	9	0.285	smarttable
30	Q0	table-1253-975	10	0.282	smarttable
30	Q0	table-1576-435	11	0.281	smarttable
30	Q0	table-1253-977	12	0.281	smarttable
30	Q0	table-1253-984	13	0.279	smarttable
30	Q0	table-1253-982	14	0.274	smarttable
30	Q0	table-0779-302	15	0.268	smarttable
30	Q0	table-0105-711	16	0.263	smarttable
30	Q0	table-0779-303	17	0.238	smarttable
30	Q0	table-1253-972	18	0.225583333333	smarttable
30	Q0	table-0884-479	19	0.199384615385	smarttable
30	Q0	table-1253-987	20	0.197583333333	smarttable
31	Q0	table-1549-983	1	1.067	smarttable
31	Q0	table-0873-520	2	1.057	smarttable
31	Q0	table-1537-765	3	1.02609090909	smarttable
31	Q0	table-1197-397	4	0.818	smarttable
31	Q0	table-0017-237	5	0.794	smarttable
31	Q0	table-1590-536	6	0.791	smarttable
31	Q0	table-1551-19	7	0.741	smarttable
31	Q0	table-1550-999	8	0.69	smarttable
31	Q0	table-1437-521	9	0.676	smarttable
31	Q0	table-1537-751	10	0.669	smarttable
31	Q0	table-1287-861	11	0.668	smarttable
31	Q0	table-1594-912	12	0.645	smarttable
31	Q0	table-0730-628	13	0.637	smarttable
31	Q0	table-0347-736	14	0.624	smarttable
31	Q0	table-1551-37	15	0.622	smarttable
31	Q0	table-1565-676	16	0.615	smarttable
31	Q0	table-1517-710	17	0.613090909091	smarttable
31	Q0	table-1627-2	18	0.598	smarttable
31	Q0	table-0202-113	19	0.595	smarttable
31	Q0	table-1037-819	20	0.586	smarttable
32	Q0	table-0625-421	1	0.439	smarttable
32	Q0	table-0450-572	2	0.234	smarttable
32	Q0	table-0450-575	3	0.207	smarttable
32	Q0	table-0573-741	4	0.201	smarttable
32	Q0	table-0420-88	5	0.193	smarttable
32	Q0	table-0450-569	6	0.18	smarttable
32	Q0	table-0092-585	7	0.166	smarttable
32	Q0	table-1421-186	8	0.162	smarttable
32	Q0	table-1547-176	9	0.125	smarttable
32	Q0	table-0174-290	10	0.101	smarttable
32	Q0	table-1460-55	11	0.096	smarttable
32	Q0	table-1558-845	12	0.093	smarttable
32	Q0	table-0263-897	13	0.088	smarttable
32	Q0	table-1604-743	14	0.087	smarttable
32	Q0	table-0688-862	15	0.087	smarttable
32	Q0	table-0144-887	16	0.084	smarttable
32	Q0	table-0867-339	17	0.083	smarttable
32	Q0	table-0349-205	18	0.08	smarttable
32	Q0	table-1598-564	19	0.077	smarttable
32	Q0	table-0972-522	20	0.075	smarttable
33	Q0	table-0152-679	1	0.62	smarttable
33	Q0	table-0015-303	2	0.592	smarttable
33	Q0	table-1647-680	3	0.588	smarttable
33	Q0	table-0928-203	4	0.570153846154	smarttable
33	Q0	table-0259-373	5	0.552	smarttable
33	Q0	table-1249-780	6	0.526	smarttable
33	Q0	table-0153-339	7	0.522	smarttable
33	Q0	table-0401-152	8	0.506	smarttable
33	Q0	table-0800-191	9	0.505	smarttable
33	Q0	table-1203-97	10	0.498	smarttable
33	Q0	table-0787-879	11	0.473	smarttable
33	Q0	table-1270-645	12	0.467	smarttable
33	Q0	table-0264-11	13	0.455	smarttable
33	Q0	table-0264-10	14	0.451	smarttable
33	Q0	table-0374-109	15	0.45	smarttable
33	Q0	table-0293-211	16	0.449	smarttable
33	Q0	table-0105-792	17	0.436	smarttable
33	Q0	table-0977-706	18	0.431	smarttable
33	Q0	table-1201-576	19	0.423	smarttable
33	Q0	table-0121-692	20	0.408	smarttable
34	Q0	table-0218-202	1	1.427	smarttable
34	Q0	table-1087-909	2	1.422	smarttable
34	Q0	table-1087-848	3	1.375	smarttable
34	Q0	table-0260-605	4	1.316	smarttable
34	Q0	table-0171-322	5	1.294	smarttable
34	Q0	table-1087-870	6	1.248	smarttable
34	Q0	table-1087-874	7	1.24	smarttable
34	Q0	table-1087-836	8	1.238	smarttable
34	Q0	table-1087-917	9	1.237	smarttable
34	Q0	table-1087-872	10	1.237	smarttable
34	Q0	table-1087-878	11	1.227	smarttable
34	Q0	table-1087-860	12	1.226	smarttable
34	Q0	table-1087-857	13	1.224	smarttable
34	Q0	table-1087-864	14	1.22	smarttable
34	Q0	table-1087-876	15	1.215	smarttable
34	Q0	table-1087-873	16	1.213	smarttable
34	Q0	table-1087-922	17	1.209	smarttable
34	Q0	table-1087-863	18	1.206	smarttable
34	Q0	table-1087-867	19	1.203	smarttable
34	Q0	table-1646-857	20	1.142	smarttable
35	Q0	table-0981-339	1	0.813	smarttable
35	Q0	table-1080-585	2	0.702333333333	smarttable
35	Q0	table-0130-23	3	0.664	smarttable
35	Q0	table-0452-64	4	0.636	smarttable
35	Q0	table-1015-246	5	0.584	smarttable
35	Q0	table-0310-406	6	0.577	smarttable
35	Q0	table-1015-247	7	0.569	smarttable
35	Q0	table-0379-43	8	0.554	smarttable
35	Q0	table-1353-195	9	0.534	smarttable
35	Q0	table-1647-305	10	0.506	smarttable
35	Q0	table-0709-584	11	0.464	smarttable
35	Q0	table-0385-764	12	0.453	smarttable
35	Q0	table-1508-914	13	0.409	smarttable
35	Q0	table-1402-905	14	0.391	smarttable
35	Q0	table-0452-590	15	0.376	smarttable
35	Q0	table-0385-768	16	0.375	smarttable
35	Q0	table-0245-556	17	0.361	smarttable
35	Q0	table-0385-765	18	0.357	smarttable
35	Q0	table-0385-766	19	0.333	smarttable
35	Q0	table-0456-852	20	0.323	smarttable
36	Q0	table-0709-586	1	0.741	smarttable
36	Q0	table-0709-584	2	0.721	smarttable
36	Q0	table-0385-764	3	0.574	smarttable
36	Q0	table-0385-766	4	0.546	smarttable
36	Q0	table-0385-765	5	0.538	smarttable
36	Q0	table-0385-768	6	0.53	smarttable
36	Q0	table-1015-246	7	0.257	smarttable
36	Q0	table-0194-547	8	0.256	smarttable
36	Q0	table-0452-64	9	0.24	smarttable
36	Q0	table-1334-944	10	0.233	smarttable
36	Q0	table-0194-549	11	0.231	smarttable
36	Q0	table-1015-247	12	0.224	smarttable
36	Q0	table-0194-548	13	0.205	smarttable
36	Q0	table-1333-198	14	0.203	smarttable
36	Q0	table-1508-914	15	0.174	smarttable
36	Q0	table-1402-905	16	0.167	smarttable
36	Q0	table-1356-222	17	0.159	smarttable
36	Q0	table-1489-146	18	0.152	smarttable
36	Q0	table-1353-195	19	0.124	smarttable
36	Q0	table-0598-146	20	0.114	smarttable
37	Q0	table-0521-373	1	1.041	smarttable
37	Q0	table-1639-747	2	1.012	smarttable
37	Q0	table-0327-289	3	0.931	smarttable
37	Q0	table-1304-270	4	0.905	smarttable
37	Q0	table-1441-100	5	0.866	smarttable
37	Q0	table-1108-894	6	0.85	smarttable
37	Q0	table-0450-572	7	0.779	smarttable
37	Q0	table-0123-682	8	0.774	smarttable
37	Q0	table-0450-575	9	0.773	smarttable
37	Q0	table-1375-531	10	0.766	smarttable
37	Q0	table-0687-978	11	0.752	smarttable
37	Q0	table-0889-1	12	0.74	smarttable
37	Q0	table-1536-294	13	0.725	smarttable
37	Q0	table-0910-77	14	0.722	smarttable
37	Q0	table-0253-730	15	0.671	smarttable
37	Q0	table-0307-361	16	0.623	smarttable
37	Q0	table-0154-373	17	0.609	smarttable
37	Q0	table-1573-730	18	0.607	smarttable
37	Q0	table-1616-533	19	0.55	smarttable
37	Q0	table-1020-271	20	0.511	smarttable
38	Q0	table-0520-707	1	1.302	smarttable
38	Q0	table-0116-212	2	1.201	smarttable
38	Q0	table-1017-538	3	1.189	smarttable
38	Q0	table-0057-365	4	0.963333333333	smarttable
38	Q0	table-1469-598	5	0.866476190476	smarttable
38	Q0	table-0014-364	6	0.818	smarttable
38	Q0	table-0507-56	7	0.743333333333	smarttable
38	Q0	table-1165-475	8	0.737333333333	smarttable
38	Q0	table-0503-364	9	0.733	smarttable
38	Q0	table-1274-494	10	0.709	smarttable
38	Q0	table-1304-396	11	0.701333333333	smarttable
38	Q0	table-0525-132	12	0.687	smarttable
38	Q0	table-0528-932	13	0.668	smarttable
38	Q0	table-1451-328	14	0.654	smarttable
38	Q0	table-1640-953	15	0.646	smarttable
38	Q0	table-1379-82	16	0.590142857143	smarttable
38	Q0	table-1388-470	17	0.571	smarttable
38	Q0	table-0703-419	18	0.554	smarttable
38	Q0	table-1042-325	19	0.542	smarttable
38	Q0	table-1232-9	20	0.535333333333	smarttable
39	Q0	table-1524-733	1	0.769	smarttable
39	Q0	table-0285-770	2	0.304	smarttable
39	Q0	table-0592-700	3	0.27	smarttable
39	Q0	table-0809-4	4	0.265	smarttable
39	Q0	table-0806-57	5	0.261	smarttable
39	Q0	table-0806-58	6	0.258	smarttable
39	Q0	table-0752-77	7	0.252	smarttable
39	Q0	table-1583-600	8	0.237	smarttable
39	Q0	table-1390-133	9	0.236	smarttable
39	Q0	table-0806-54	10	0.224	smarttable
39	Q0	table-1169-102	11	0.197	smarttable
39	Q0	table-0919-677	12	0.171029850746	smarttable
39	Q0	table-1604-500	13	0.168	smarttable
39	Q0	table-1641-462	14	0.157029850746	smarttable
39	Q0	table-1511-448	15	0.157	smarttable
39	Q0	table-0441-859	16	0.136	smarttable
39	Q0	table-1253-980	17	0.134029850746	smarttable
39	Q0	table-0752-76	18	0.133	smarttable
39	Q0	table-1359-325	19	0.128029850746	smarttable
39	Q0	table-0103-588	20	0.123029850746	smarttable
40	Q0	table-1045-652	1	1.3	smarttable
40	Q0	table-1031-634	2	1.057	smarttable
40	Q0	table-1269-149	3	0.995818181818	smarttable
40	Q0	table-0484-507	4	0.963	smarttable
40	Q0	table-0138-271	5	0.940807142857	smarttable
40	Q0	table-0880-38	6	0.919	smarttable
40	Q0	table-1486-330	7	0.8656	smarttable
40	Q0	table-0350-639	8	0.7386	smarttable
40	Q0	table-1364-680	9	0.735833333333	smarttable
40	Q0	table-1331-131	10	0.707	smarttable
40	Q0	table-0273-259	11	0.694	smarttable
40	Q0	table-1577-423	12	0.647651515152	smarttable
40	Q0	table-1053-499	13	0.633857142857	smarttable
40	Q0	table-1389-517	14	0.613	smarttable
40	Q0	table-0899-319	15	0.582	smarttable
40	Q0	table-0474-779	16	0.565768181818	smarttable
40	Q0	table-0457-316	17	0.559818181818	smarttable
40	Q0	table-0268-65	18	0.558857142857	smarttable
40	Q0	table-1455-165	19	0.525	smarttable
40	Q0	table-0780-807	20	0.508857142857	smarttable
41	Q0	table-1543-912	1	0.608	smarttable
41	Q0	table-0875-237	2	0.556	smarttable
41	Q0	table-0875-234	3	0.555	smarttable
41	Q0	table-0875-227	4	0.522	smarttable
41	Q0	table-0875-235	5	0.521	smarttable
41	Q0	table-0875-228	6	0.519	smarttable
41	Q0	table-0875-223	7	0.507	smarttable
41	Q0	table-0875-224	8	0.471	smarttable
41	Q0	table-0875-233	9	0.469	smarttable
41	Q0	table-0875-225	10	0.464	smarttable
41	Q0	table-0750-136	11	0.462	smarttable
41	Q0	table-0750-134	12	0.459	smarttable
41	Q0	table-0750-129	13	0.44	smarttable
41	Q0	table-0750-128	14	0.439	smarttable
41	Q0	table-0875-230	15	0.433	smarttable
41	Q0	table-0750-139	16	0.429	smarttable
41	Q0	table-1258-532	17	0.332111111111	smarttable
41	Q0	table-0427-116	18	0.314	smarttable
41	Q0	table-1504-64	19	0.287	smarttable
41	Q0	table-1090-240	20	0.268	smarttable
42	Q0	table-0498-298	1	0.607181818182	smarttable
42	Q0	table-0498-295	2	0.570556818182	smarttable
42	Q0	table-0498-296	3	0.489556818182	smarttable
42	Q0	table-1396-734	4	0.372	smarttable
42	Q0	table-1397-842	5	0.353	smarttable
42	Q0	table-1396-735	6	0.351	smarttable
42	Q0	table-1396-738	7	0.336	smarttable
42	Q0	table-1396-737	8	0.331	smarttable
42	Q0	table-1396-736	9	0.325	smarttable
42	Q0	table-0302-912	10	0.302	smarttable
42	Q0	table-0496-732	11	0.264	smarttable
42	Q0	table-1222-493	12	0.255	smarttable
42	Q0	table-0108-87	13	0.245	smarttable
42	Q0	table-0012-931	14	0.232	smarttable
42	Q0	table-1616-401	15	0.208	smarttable
42	Q0	table-1069-625	16	0.195029850746	smarttable
42	Q0	table-1222-495	17	0.19	smarttable
42	Q0	table-1258-760	18	0.188	smarttable
42	Q0	table-1349-592	19	0.181	smarttable
42	Q0	table-1216-279	20	0.177	smarttable
43	Q0	table-1612-3	1	0.544	smarttable
43	Q0	table-1612-207	2	0.54	smarttable
43	Q0	table-1612-83	3	0.532	smarttable
43	Q0	table-1611-535	4	0.523	smarttable
43	Q0	table-1611-936	5	0.499	smarttable
43	Q0	table-1612-41	6	0.47	smarttable
43	Q0	table-1611-452	7	0.45	smarttable
43	Q0	table-1611-875	8	0.44	smarttable
43	Q0	table-1611-975	9	0.424	smarttable
43	Q0	table-1609-798	10	0.418	smarttable
43	Q0	table-1612-211	11	0.397	smarttable
43	Q0	table-1611-863	12	0.396	smarttable
43	Q0	table-1611-469	13	0.39	smarttable
43	Q0	table-1612-45	14	0.389	smarttable
43	Q0	table-1618-598	15	0.388	smarttable
43	Q0	table-1612-121	16	0.376	smarttable
43	Q0	table-1611-550	17	0.373	smarttable
43	Q0	table-1612-63	18	0.373	smarttable
43	Q0	table-1612-191	19	0.37	smarttable
43	Q0	table-1611-882	20	0.36	smarttable
44	Q0	table-0698-537	1	0.817	smarttable
44	Q0	table-0698-538	2	0.8	smarttable
44	Q0	table-0698-536	3	0.761	smarttable
44	Q0	table-1528-923	4	0.714	smarttable
44	Q0	table-1591-383	5	0.273	smarttable
44	Q0	table-1510-14	6	0.247	smarttable
44	Q0	table-0214-231	7	0.218	smarttable
44	Q0	table-1452-308	8	0.194	smarttable
44	Q0	table-1084-664	9	0.191029850746	smarttable
44	Q0	table-1562-617	10	0.172029850746	smarttable
44	Q0	table-0472-530	11	0.171029850746	smarttable
44	Q0	table-0949-67	12	0.17	smarttable
44	Q0	table-0254-919	13	0.158	smarttable
44	Q0	table-1008-629	14	0.152029850746	smarttable
44	Q0	table-0645-283	15	0.148211668928	smarttable
44	Q0	table-0412-643	16	0.135	smarttable
44	Q0	table-1192-417	17	0.131	smarttable
44	Q0	table-1005-125	18	0.125	smarttable
44	Q0	table-0270-603	19	0.12	smarttable
44	Q0	table-1008-630	20	0.115	smarttable
45	Q0	table-0497-395	1	0.763	smarttable
45	Q0	table-0774-562	2	0.394	smarttable
45	Q0	table-0854-862	3	0.358	smarttable
45	Q0	table-1499-154	4	0.355	smarttable
45	Q0	table-0858-75	5	0.332	smarttable
45	Q0	table-0998-667	6	0.311	smarttable
45	Q0	table-1075-885	7	0.305	smarttable
45	Q0	table-0854-819	8	0.289	smarttable
45	Q0	table-0622-407	9	0.286	smarttable
45	Q0	table-0241-136	10	0.254	smarttable
45	Q0	table-0798-552	11	0.249	smarttable
45	Q0	table-0205-44	12	0.221	smarttable
45	Q0	table-1076-602	13	0.219	smarttable
45	Q0	table-1516-67	14	0.214	smarttable
45	Q0	table-0467-527	15	0.212	smarttable
45	Q0	table-0376-810	16	0.209	smarttable
45	Q0	table-0998-663	17	0.195	smarttable
45	Q0	table-1010-83	18	0.19425	smarttable
45	Q0	table-1146-975	19	0.193	smarttable
45	Q0	table-0710-382	20	0.186	smarttable
46	Q0	table-1602-828	1	1.137	smarttable
46	Q0	table-1602-829	2	0.931	smarttable
46	Q0	table-1390-891	3	0.766	smarttable
46	Q0	table-0197-91	4	0.536	smarttable
46	Q0	table-1442-89	5	0.332	smarttable
46	Q0	table-1442-90	6	0.329	smarttable
46	Q0	table-1021-322	7	0.312181818182	smarttable
46	Q0	table-1280-419	8	0.304	smarttable
46	Q0	table-1495-661	9	0.303	smarttable
46	Q0	table-1495-660	10	0.288	smarttable
46	Q0	table-0350-546	11	0.28	smarttable
46	Q0	table-1536-230	12	0.257	smarttable
46	Q0	table-1353-79	13	0.252	smarttable
46	Q0	table-0434-898	14	0.244	smarttable
46	Q0	table-0338-14	15	0.222	smarttable
46	Q0	table-1355-572	16	0.219	smarttable
46	Q0	table-1350-109	17	0.214	smarttable
46	Q0	table-1448-821	18	0.194	smarttable
46	Q0	table-1447-841	19	0.191	smarttable
46	Q0	table-1572-776	20	0.188029850746	smarttable
47	Q0	table-0610-865	1	1.385	smarttable
47	Q0	table-1585-588	2	1.338	smarttable
47	Q0	table-1585-589	3	1.314	smarttable
47	Q0	table-0480-100	4	1.24	smarttable
47	Q0	table-0087-619	5	1.193	smarttable
47	Q0	table-0224-786	6	1.192	smarttable
47	Q0	table-0853-850	7	1.179	smarttable
47	Q0	table-0728-796	8	1.175	smarttable
47	Q0	table-0282-68	9	1.173	smarttable
47	Q0	table-1197-684	10	1.153	smarttable
47	Q0	table-0927-516	11	1.143	smarttable
47	Q0	table-1465-885	12	1.118	smarttable
47	Q0	table-0498-294	13	1.084	smarttable
47	Q0	table-1424-449	14	1.07	smarttable
47	Q0	table-1391-524	15	1.067	smarttable
47	Q0	table-0927-515	16	1.038	smarttable
47	Q0	table-0488-918	17	1.033	smarttable
47	Q0	table-0253-590	18	1.011	smarttable
47	Q0	table-0498-296	19	0.99	smarttable
47	Q0	table-0498-295	20	0.979	smarttable
48	Q0	table-0055-698	1	0.993	smarttable
48	Q0	table-1571-62	2	0.677	smarttable
48	Q0	table-1628-799	3	0.609	smarttable
48	Q0	table-1635-745	4	0.598	smarttable
48	Q0	table-1461-956	5	0.593	smarttable
48	Q0	table-1390-665	6	0.581	smarttable
48	Q0	table-0459-647	7	0.562	smarttable
48	Q0	table-1612-207	8	0.545	smarttable
48	Q0	table-1611-506	9	0.536	smarttable
48	Q0	table-1612-83	10	0.527461538462	smarttable
48	Q0	table-1612-3	11	0.504	smarttable
48	Q0	table-1137-398	12	0.438	smarttable
48	Q0	table-0371-97	13	0.421	smarttable
48	Q0	table-1434-216	14	0.414461538462	smarttable
48	Q0	table-1055-978	15	0.392	smarttable
48	Q0	table-1612-63	16	0.387825174825	smarttable
48	Q0	table-1611-452	17	0.387	smarttable
48	Q0	table-1618-598	18	0.368	smarttable
48	Q0	table-1611-457	19	0.362461538462	smarttable
48	Q0	table-1612-2	20	0.342825174825	smarttable
49	Q0	table-1633-945	1	0.813	smarttable
49	Q0	table-1502-45	2	0.581	smarttable
49	Q0	table-0002-320	3	0.544	smarttable
49	Q0	table-0255-225	4	0.495	smarttable
49	Q0	table-1017-379	5	0.357	smarttable
49	Q0	table-0019-690	6	0.353	smarttable
49	Q0	table-0497-834	7	0.343	smarttable
49	Q0	table-0846-443	8	0.324	smarttable
49	Q0	table-0325-192	9	0.305	smarttable
49	Q0	table-1522-309	10	0.302	smarttable
49	Q0	table-0876-486	11	0.298	smarttable
49	Q0	table-0172-230	12	0.282	smarttable
49	Q0	table-0404-288	13	0.281	smarttable
49	Q0	table-0116-205	14	0.266	smarttable
49	Q0	table-1310-170	15	0.262	smarttable
49	Q0	table-1424-932	16	0.255	smarttable
49	Q0	table-1424-937	17	0.249	smarttable
49	Q0	table-0058-281	18	0.235	smarttable
49	Q0	table-1567-897	19	0.222	smarttable
49	Q0	table-0789-871	20	0.215	smarttable
50	Q0	table-1405-724	1	1.064375	smarttable
50	Q0	table-0227-700	2	0.93	smarttable
50	Q0	table-0575-909	3	0.479845	smarttable
50	Q0	table-1448-837	4	0.424	smarttable
50	Q0	table-1570-787	5	0.421	smarttable
50	Q0	table-1442-712	6	0.401	smarttable
50	Q0	table-1448-914	7	0.393	smarttable
50	Q0	table-1448-829	8	0.39	smarttable
50	Q0	table-1572-706	9	0.374375	smarttable
50	Q0	table-1448-638	10	0.356	smarttable
50	Q0	table-0814-491	11	0.339	smarttable
50	Q0	table-0434-898	12	0.339	smarttable
50	Q0	table-1448-639	13	0.332	smarttable
50	Q0	table-0194-131	14	0.329	smarttable
50	Q0	table-0516-82	15	0.325125	smarttable
50	Q0	table-0888-964	16	0.316285714286	smarttable
50	Q0	table-1399-14	17	0.312375	smarttable
50	Q0	table-1433-255	18	0.311125	smarttable
50	Q0	table-1448-876	19	0.291	smarttable
50	Q0	table-1448-687	20	0.2725	smarttable
51	Q0	table-1573-730	1	0.603	smarttable
51	Q0	table-1627-93	2	0.546	smarttable
51	Q0	table-0889-1	3	0.521	smarttable
51	Q0	table-0687-978	4	0.418	smarttable
51	Q0	table-1612-670	5	0.415	smarttable
51	Q0	table-0123-682	6	0.381	smarttable
51	Q0	table-1438-848	7	0.373	smarttable
51	Q0	table-0190-739	8	0.364	smarttable
51	Q0	table-0420-541	9	0.313	smarttable
51	Q0	table-0900-829	10	0.3	smarttable
51	Q0	table-1375-531	11	0.291	smarttable
51	Q0	table-0402-154	12	0.277	smarttable
51	Q0	table-1640-1	13	0.274	smarttable
51	Q0	table-1108-894	14	0.264	smarttable
51	Q0	table-0919-458	15	0.261	smarttable
51	Q0	table-0285-188	16	0.236	smarttable
51	Q0	table-1653-369	17	0.233	smarttable
51	Q0	table-0123-741	18	0.222	smarttable
51	Q0	table-0327-289	19	0.202	smarttable
51	Q0	table-0630-761	20	0.194	smarttable
52	Q0	table-0368-850	1	0.499	smarttable
52	Q0	table-1482-885	2	0.40472	smarttable
52	Q0	table-0383-291	3	0.292	smarttable
52	Q0	table-1331-268	4	0.266	smarttable
52	Q0	table-1005-326	5	0.249	smarttable
52	Q0	table-1551-117	6	0.246	smarttable
52	Q0	table-1417-465	7	0.238	smarttable
52	Q0	table-1336-806	8	0.231	smarttable
52	Q0	table-1431-695	9	0.21	smarttable
52	Q0	table-1347-123	10	0.193	smarttable
52	Q0	table-1021-819	11	0.179	smarttable
52	Q0	table-0226-319	12	0.17	smarttable
52	Q0	table-0931-697	13	0.159833333333	smarttable
52	Q0	table-0350-520	14	0.141	smarttable
52	Q0	table-1053-92	15	0.128	smarttable
52	Q0	table-1497-578	16	0.121	smarttable
52	Q0	table-0131-736	17	0.099	smarttable
52	Q0	table-0989-346	18	0.097	smarttable
52	Q0	table-1086-439	19	0.097	smarttable
52	Q0	table-0155-563	20	0.0928333333333	smarttable
53	Q0	table-0587-651	1	0.41	smarttable
53	Q0	table-0124-852	2	0.392	smarttable
53	Q0	table-1567-423	3	0.3721	smarttable
53	Q0	table-0587-650	4	0.353666666667	smarttable
53	Q0	table-0485-844	5	0.299	smarttable
53	Q0	table-0804-919	6	0.297	smarttable
53	Q0	table-0047-972	7	0.295	smarttable
53	Q0	table-0898-31	8	0.29	smarttable
53	Q0	table-0898-32	9	0.289	smarttable
53	Q0	table-0922-563	10	0.283	smarttable
53	Q0	table-1564-254	11	0.277833333333	smarttable
53	Q0	table-0107-335	12	0.268766666667	smarttable
53	Q0	table-0729-39	13	0.260666666667	smarttable
53	Q0	table-1488-50	14	0.223666666667	smarttable
53	Q0	table-0033-586	15	0.213666666667	smarttable
53	Q0	table-0569-611	16	0.203	smarttable
53	Q0	table-0497-863	17	0.2	smarttable
53	Q0	table-0470-9	18	0.194	smarttable
53	Q0	table-0469-351	19	0.194	smarttable
53	Q0	table-0849-194	20	0.191	smarttable
54	Q0	table-0090-631	1	0.623	smarttable
54	Q0	table-0115-440	2	0.533	smarttable
54	Q0	table-1464-414	3	0.504	smarttable
54	Q0	table-0090-633	4	0.455	smarttable
54	Q0	table-1208-515	5	0.451	smarttable
54	Q0	table-1580-211	6	0.426	smarttable
54	Q0	table-1580-209	7	0.415	smarttable
54	Q0	table-1208-513	8	0.407	smarttable
54	Q0	table-1580-221	9	0.399	smarttable
54	Q0	table-1580-219	10	0.392	smarttable
54	Q0	table-1208-518	11	0.389	smarttable
54	Q0	table-1580-217	12	0.382	smarttable
54	Q0	table-1580-212	13	0.381	smarttable
54	Q0	table-0539-829	14	0.381	smarttable
54	Q0	table-1208-517	15	0.369	smarttable
54	Q0	table-1129-534	16	0.366	smarttable
54	Q0	table-1208-522	17	0.36	smarttable
54	Q0	table-1580-215	18	0.358	smarttable
54	Q0	table-1580-216	19	0.355	smarttable
54	Q0	table-1580-220	20	0.352	smarttable
55	Q0	table-0905-211	1	1.12	smarttable
55	Q0	table-0905-212	2	1.005	smarttable
55	Q0	table-0253-421	3	0.709	smarttable
55	Q0	table-1444-13	4	0.501	smarttable
55	Q0	table-0259-714	5	0.473	smarttable
55	Q0	table-0107-797	6	0.344	smarttable
55	Q0	table-1356-971	7	0.332	smarttable
55	Q0	table-0553-825	8	0.325	smarttable
55	Q0	table-0634-466	9	0.324	smarttable
55	Q0	table-1015-954	10	0.256	smarttable
55	Q0	table-0798-652	11	0.247	smarttable
55	Q0	table-1565-115	12	0.244	smarttable
55	Q0	table-0378-500	13	0.211	smarttable
55	Q0	table-1370-150	14	0.207	smarttable
55	Q0	table-1370-151	15	0.198	smarttable
55	Q0	table-1411-1000	16	0.192	smarttable
55	Q0	table-0525-331	17	0.184	smarttable
55	Q0	table-1526-626	18	0.172	smarttable
55	Q0	table-1531-703	19	0.161	smarttable
55	Q0	table-0808-950	20	0.157	smarttable
56	Q0	table-0546-964	1	1.408	smarttable
56	Q0	table-1510-622	2	1.124	smarttable
56	Q0	table-0514-315	3	1.10246666667	smarttable
56	Q0	table-1181-620	4	1.095	smarttable
56	Q0	table-0546-965	5	1.086	smarttable
56	Q0	table-1114-461	6	1.083	smarttable
56	Q0	table-0514-321	7	1.08246666667	smarttable
56	Q0	table-1265-636	8	1.051	smarttable
56	Q0	table-0546-963	9	1.02746666667	smarttable
56	Q0	table-0548-553	10	0.949	smarttable
56	Q0	table-1177-208	11	0.907	smarttable
56	Q0	table-1450-964	12	0.85	smarttable
56	Q0	table-0151-825	13	0.825	smarttable
56	Q0	table-0234-862	14	0.784	smarttable
56	Q0	table-1436-698	15	0.776	smarttable
56	Q0	table-0279-851	16	0.756	smarttable
56	Q0	table-0548-554	17	0.755	smarttable
56	Q0	table-1559-591	18	0.739	smarttable
56	Q0	table-1479-565	19	0.652	smarttable
56	Q0	table-1449-405	20	0.63	smarttable
57	Q0	table-0834-347	1	0.495	smarttable
57	Q0	table-0144-708	2	0.49	smarttable
57	Q0	table-1547-841	3	0.45	smarttable
57	Q0	table-0838-403	4	0.427	smarttable
57	Q0	table-0062-134	5	0.423	smarttable
57	Q0	table-0094-982	6	0.421	smarttable
57	Q0	table-0211-555	7	0.398	smarttable
57	Q0	table-0907-688	8	0.398	smarttable
57	Q0	table-0895-528	9	0.393	smarttable
57	Q0	table-0907-558	10	0.367	smarttable
57	Q0	table-0838-400	11	0.356	smarttable
57	Q0	table-1316-990	12	0.354	smarttable
57	Q0	table-0212-252	13	0.337	smarttable
57	Q0	table-1611-666	14	0.316	smarttable
57	Q0	table-1098-540	15	0.302	smarttable
57	Q0	table-0212-250	16	0.297	smarttable
57	Q0	table-0576-735	17	0.27	smarttable
57	Q0	table-1631-669	18	0.256	smarttable
57	Q0	table-0212-251	19	0.256	smarttable
57	Q0	table-0760-684	20	0.255	smarttable
58	Q0	table-0721-948	1	0.697	smarttable
58	Q0	table-0721-949	2	0.505	smarttable
58	Q0	table-1311-373	3	0.423	smarttable
58	Q0	table-0978-10	4	0.363	smarttable
58	Q0	table-1356-303	5	0.275	smarttable
58	Q0	table-1091-792	6	0.235	smarttable
58	Q0	table-0547-658	7	0.228	smarttable
58	Q0	table-0817-634	8	0.195021978022	smarttable
58	Q0	table-0462-618	9	0.185	smarttable
58	Q0	table-0085-87	10	0.168	smarttable
58	Q0	table-1620-672	11	0.162	smarttable
58	Q0	table-0627-582	12	0.153	smarttable
58	Q0	table-1288-783	13	0.141	smarttable
58	Q0	table-1291-440	14	0.114	smarttable
58	Q0	table-0302-402	15	0.113	smarttable
58	Q0	table-0606-7	16	0.112	smarttable
58	Q0	table-1020-413	17	0.111	smarttable
58	Q0	table-0921-670	18	0.11	smarttable
58	Q0	table-0274-65	19	0.11	smarttable
58	Q0	table-1599-633	20	0.107	smarttable
59	Q0	table-1054-794	1	0.828	smarttable
59	Q0	table-1264-76	2	0.674	smarttable
59	Q0	table-1542-144	3	0.665	smarttable
59	Q0	table-1542-143	4	0.597	smarttable
59	Q0	table-1437-680	5	0.482	smarttable
59	Q0	table-1219-20	6	0.471	smarttable
59	Q0	table-1490-102	7	0.464	smarttable
59	Q0	table-1421-433	8	0.42	smarttable
59	Q0	table-1421-438	9	0.419	smarttable
59	Q0	table-0474-103	10	0.415	smarttable
59	Q0	table-1621-797	11	0.396	smarttable
59	Q0	table-0063-984	12	0.253	smarttable
59	Q0	table-1627-819	13	0.247	smarttable
59	Q0	table-0859-400	14	0.243	smarttable
59	Q0	table-0478-50	15	0.23972	smarttable
59	Q0	table-1488-994	16	0.239	smarttable
59	Q0	table-0833-662	17	0.216	smarttable
59	Q0	table-0043-587	18	0.192	smarttable
59	Q0	table-1524-552	19	0.186	smarttable
59	Q0	table-0771-7	20	0.162	smarttable
60	Q0	table-0030-123	1	1.298	smarttable
60	Q0	table-1568-191	2	1.066	smarttable
60	Q0	table-0249-823	3	1.046	smarttable
60	Q0	table-0902-57	4	1.002	smarttable
60	Q0	table-1052-535	5	0.99	smarttable
60	Q0	table-1464-4	6	0.962	smarttable
60	Q0	table-1389-290	7	0.93	smarttable
60	Q0	table-1353-328	8	0.904	smarttable
60	Q0	table-0243-807	9	0.893	smarttable
60	Q0	table-0877-317	10	0.844	smarttable
60	Q0	table-0245-966	11	0.841	smarttable
60	Q0	table-1577-496	12	0.835	smarttable
60	Q0	table-1279-578	13	0.835	smarttable
60	Q0	table-1052-957	14	0.812	smarttable
60	Q0	table-0497-384	15	0.805	smarttable
60	Q0	table-0379-27	16	0.794	smarttable
60	Q0	table-0440-409	17	0.785	smarttable
60	Q0	table-0872-44	18	0.755	smarttable
60	Q0	table-0604-281	19	0.753	smarttable
60	Q0	table-1053-407	20	0.741	smarttable
