1	Q0	table-0370-614	1	0.588	smarttable
1	Q0	table-1402-139	2	0.491	smarttable
1	Q0	table-0730-168	3	0.413	smarttable
1	Q0	table-0914-101	4	0.385	smarttable
1	Q0	table-0037-411	5	0.353	smarttable
1	Q0	table-0914-103	6	0.343	smarttable
1	Q0	table-1391-8	7	0.293	smarttable
1	Q0	table-0904-852	8	0.273	smarttable
1	Q0	table-0781-227	9	0.245	smarttable
1	Q0	table-1452-662	10	0.228	smarttable
1	Q0	table-0063-827	11	0.225	smarttable
1	Q0	table-1042-895	12	0.207	smarttable
1	Q0	table-0216-970	13	0.185	smarttable
1	Q0	table-0216-976	14	0.182	smarttable
1	Q0	table-0507-876	15	0.151	smarttable
1	Q0	table-0168-741	16	0.135	smarttable
1	Q0	table-1266-875	17	0.135	smarttable
1	Q0	table-0707-517	18	0.132	smarttable
1	Q0	table-0377-686	19	0.129	smarttable
1	Q0	table-0554-923	20	0.126	smarttable
2	Q0	table-1408-874	1	0.824	smarttable
2	Q0	table-1408-869	2	0.764	smarttable
2	Q0	table-1552-729	3	0.719741935484	smarttable
2	Q0	table-1408-871	4	0.55	smarttable
2	Q0	table-1408-870	5	0.541741935484	smarttable
2	Q0	table-0406-134	6	0.529909090909	smarttable
2	Q0	table-0346-14	7	0.521846153846	smarttable
2	Q0	table-1600-861	8	0.446	smarttable
2	Q0	table-0517-237	9	0.444	smarttable
2	Q0	table-0331-42	10	0.441884792627	smarttable
2	Q0	table-0620-231	11	0.441	smarttable
2	Q0	table-1064-381	12	0.438	smarttable
2	Q0	table-0384-730	13	0.435	smarttable
2	Q0	table-0223-179	14	0.433909090909	smarttable
2	Q0	table-1064-455	15	0.43	smarttable
2	Q0	table-1578-197	16	0.408741935484	smarttable
2	Q0	table-1186-590	17	0.408741935484	smarttable
2	Q0	table-1574-263	18	0.403527972028	smarttable
2	Q0	table-1047-153	19	0.396909090909	smarttable
2	Q0	table-1047-58	20	0.388909090909	smarttable
3	Q0	table-0005-924	1	1.35	smarttable
3	Q0	table-0005-923	2	1.349	smarttable
3	Q0	table-0005-921	3	1.348	smarttable
3	Q0	table-0005-922	4	1.344	smarttable
3	Q0	table-0005-925	5	1.334	smarttable
3	Q0	table-0005-926	6	1.33	smarttable
3	Q0	table-0005-927	7	1.106	smarttable
3	Q0	table-0312-107	8	1.05	smarttable
3	Q0	table-1435-370	9	0.966	smarttable
3	Q0	table-0483-357	10	0.962	smarttable
3	Q0	table-0909-908	11	0.87	smarttable
3	Q0	table-0187-658	12	0.822	smarttable
3	Q0	table-0928-773	13	0.776	smarttable
3	Q0	table-0100-833	14	0.735	smarttable
3	Q0	table-1254-979	15	0.725	smarttable
3	Q0	table-0100-834	16	0.72	smarttable
3	Q0	table-0007-837	17	0.716423280423	smarttable
3	Q0	table-0009-475	18	0.71	smarttable
3	Q0	table-1492-789	19	0.70375	smarttable
3	Q0	table-1546-808	20	0.6856	smarttable
4	Q0	table-1511-84	1	1.46	smarttable
4	Q0	table-1417-136	2	1.459	smarttable
4	Q0	table-1511-83	3	1.447	smarttable
4	Q0	table-1511-81	4	1.418	smarttable
4	Q0	table-1511-86	5	1.41190909091	smarttable
4	Q0	table-1511-82	6	1.374	smarttable
4	Q0	table-1511-78	7	1.362	smarttable
4	Q0	table-1417-149	8	1.356	smarttable
4	Q0	table-1417-138	9	1.353	smarttable
4	Q0	table-1417-140	10	1.334	smarttable
4	Q0	table-1417-141	11	1.319	smarttable
4	Q0	table-1511-79	12	1.315	smarttable
4	Q0	table-1417-144	13	1.294	smarttable
4	Q0	table-1417-135	14	1.29	smarttable
4	Q0	table-1417-143	15	1.279	smarttable
4	Q0	table-1511-87	16	1.271	smarttable
4	Q0	table-1417-142	17	1.267	smarttable
4	Q0	table-1417-137	18	1.26125	smarttable
4	Q0	table-1511-80	19	1.243	smarttable
4	Q0	table-1511-85	20	1.233	smarttable
5	Q0	table-0452-375	1	1.438	smarttable
5	Q0	table-1264-72	2	1.24183333333	smarttable
5	Q0	table-1444-333	3	1.225	smarttable
5	Q0	table-1530-281	4	1.112	smarttable
5	Q0	table-0600-606	5	0.983	smarttable
5	Q0	table-0600-604	6	0.983	smarttable
5	Q0	table-0600-605	7	0.95	smarttable
5	Q0	table-0248-862	8	0.927	smarttable
5	Q0	table-1258-614	9	0.877793103448	smarttable
5	Q0	table-1456-444	10	0.876797134238	smarttable
5	Q0	table-1579-1000	11	0.874	smarttable
5	Q0	table-0507-619	12	0.767404761905	smarttable
5	Q0	table-0600-601	13	0.762307692308	smarttable
5	Q0	table-0600-600	14	0.751	smarttable
5	Q0	table-1421-60	15	0.701	smarttable
5	Q0	table-1371-139	16	0.701	smarttable
5	Q0	table-1647-516	17	0.700797134238	smarttable
5	Q0	table-1599-557	18	0.637	smarttable
5	Q0	table-1412-411	19	0.592963800905	smarttable
5	Q0	table-1241-882	20	0.578153846154	smarttable
6	Q0	table-1506-649	1	1.40261538462	smarttable
6	Q0	table-0402-824	2	1.30022649573	smarttable
6	Q0	table-1588-343	3	1.21071428571	smarttable
6	Q0	table-1359-957	4	1.20876923077	smarttable
6	Q0	table-1495-661	5	1.11809206349	smarttable
6	Q0	table-1495-660	6	1.10549206349	smarttable
6	Q0	table-0349-707	7	1.10438925729	smarttable
6	Q0	table-1280-419	8	1.10356043956	smarttable
6	Q0	table-1370-780	9	1.07956233422	smarttable
6	Q0	table-0729-805	10	1.05362393162	smarttable
6	Q0	table-0386-340	11	1.01984615385	smarttable
6	Q0	table-0085-402	12	0.983824786325	smarttable
6	Q0	table-1393-929	13	0.973570881226	smarttable
6	Q0	table-0008-994	14	0.911305738706	smarttable
6	Q0	table-0364-358	15	0.909793103448	smarttable
6	Q0	table-1393-928	16	0.885793103448	smarttable
6	Q0	table-1421-346	17	0.880793103448	smarttable
6	Q0	table-0609-321	18	0.874746697747	smarttable
6	Q0	table-0135-490	19	0.837846153846	smarttable
6	Q0	table-0878-982	20	0.80956043956	smarttable
7	Q0	table-0453-280	1	0.622	smarttable
7	Q0	table-0453-279	2	0.487	smarttable
7	Q0	table-0592-701	3	0.435	smarttable
7	Q0	table-0678-627	4	0.326	smarttable
7	Q0	table-0406-281	5	0.315	smarttable
7	Q0	table-1375-849	6	0.296	smarttable
7	Q0	table-0291-159	7	0.289	smarttable
7	Q0	table-0678-625	8	0.281	smarttable
7	Q0	table-0519-449	9	0.272	smarttable
7	Q0	table-0289-554	10	0.272	smarttable
7	Q0	table-1016-914	11	0.269	smarttable
7	Q0	table-1492-675	12	0.26	smarttable
7	Q0	table-1417-774	13	0.241	smarttable
7	Q0	table-1420-90	14	0.24	smarttable
7	Q0	table-1211-1000	15	0.238	smarttable
7	Q0	table-0289-557	16	0.229	smarttable
7	Q0	table-0289-553	17	0.222	smarttable
7	Q0	table-0289-556	18	0.22	smarttable
7	Q0	table-0289-558	19	0.22	smarttable
7	Q0	table-1355-662	20	0.211	smarttable
8	Q0	table-0145-207	1	1.542	smarttable
8	Q0	table-0176-187	2	1.499	smarttable
8	Q0	table-1358-28	3	1.395	smarttable
8	Q0	table-0044-50	4	1.314	smarttable
8	Q0	table-0177-459	5	1.103	smarttable
8	Q0	table-1610-48	6	1.075	smarttable
8	Q0	table-0366-991	7	0.803	smarttable
8	Q0	table-0249-249	8	0.797367647059	smarttable
8	Q0	table-0633-54	9	0.779	smarttable
8	Q0	table-0628-491	10	0.764	smarttable
8	Q0	table-0569-730	11	0.76325	smarttable
8	Q0	table-0625-924	12	0.687	smarttable
8	Q0	table-1389-263	13	0.677	smarttable
8	Q0	table-1389-262	14	0.634	smarttable
8	Q0	table-1389-264	15	0.589	smarttable
8	Q0	table-1009-917	16	0.583	smarttable
8	Q0	table-0461-640	17	0.570607142857	smarttable
8	Q0	table-0022-251	18	0.551	smarttable
8	Q0	table-0892-324	19	0.447117647059	smarttable
8	Q0	table-0125-915	20	0.442571428571	smarttable
9	Q0	table-1619-337	1	1.167	smarttable
9	Q0	table-1619-336	2	0.934	smarttable
9	Q0	table-0601-201	3	0.894	smarttable
9	Q0	table-0601-199	4	0.879	smarttable
9	Q0	table-0601-200	5	0.822	smarttable
9	Q0	table-0600-579	6	0.771	smarttable
9	Q0	table-0371-315	7	0.695	smarttable
9	Q0	table-0371-314	8	0.605	smarttable
9	Q0	table-0471-463	9	0.431	smarttable
9	Q0	table-0585-98	10	0.413	smarttable
9	Q0	table-1402-476	11	0.33	smarttable
9	Q0	table-1402-475	12	0.263	smarttable
9	Q0	table-0383-921	13	0.261	smarttable
9	Q0	table-0731-979	14	0.23	smarttable
9	Q0	table-0430-782	15	0.224	smarttable
9	Q0	table-1403-409	16	0.222	smarttable
9	Q0	table-1376-661	17	0.201	smarttable
9	Q0	table-0824-357	18	0.199	smarttable
9	Q0	table-0436-667	19	0.194	smarttable
9	Q0	table-1286-2	20	0.191	smarttable
10	Q0	table-1091-421	1	0.48	smarttable
10	Q0	table-1384-652	2	0.476	smarttable
10	Q0	table-1387-237	3	0.355	smarttable
10	Q0	table-1384-649	4	0.333	smarttable
10	Q0	table-0791-274	5	0.322	smarttable
10	Q0	table-1384-651	6	0.251	smarttable
10	Q0	table-1384-654	7	0.22	smarttable
10	Q0	table-1384-653	8	0.217058823529	smarttable
10	Q0	table-0384-350	9	0.198058823529	smarttable
10	Q0	table-0384-352	10	0.198	smarttable
10	Q0	table-0384-349	11	0.196058823529	smarttable
10	Q0	table-0384-348	12	0.194	smarttable
10	Q0	table-0384-354	13	0.191	smarttable
10	Q0	table-0384-351	14	0.191	smarttable
10	Q0	table-1462-369	15	0.118	smarttable
10	Q0	table-0263-445	16	0.094	smarttable
10	Q0	table-0152-596	17	0.068	smarttable
10	Q0	table-0854-910	18	0.055	smarttable
10	Q0	table-0200-794	19	0.04	smarttable
10	Q0	table-0361-259	20	0.04	smarttable
11	Q0	table-0891-868	1	1.40671428571	smarttable
11	Q0	table-0891-869	2	1.38357142857	smarttable
11	Q0	table-0179-26	3	1.21767948718	smarttable
11	Q0	table-1016-927	4	1.14671428571	smarttable
11	Q0	table-1256-358	5	0.985833333333	smarttable
11	Q0	table-1627-735	6	0.950755244755	smarttable
11	Q0	table-1518-448	7	0.893846153846	smarttable
11	Q0	table-1579-543	8	0.851846153846	smarttable
11	Q0	table-1196-415	9	0.837846153846	smarttable
11	Q0	table-1501-924	10	0.793846153846	smarttable
11	Q0	table-1383-130	11	0.793714285714	smarttable
11	Q0	table-0951-285	12	0.78956043956	smarttable
11	Q0	table-0497-597	13	0.757	smarttable
11	Q0	table-1283-492	14	0.745846153846	smarttable
11	Q0	table-1196-913	15	0.739846153846	smarttable
11	Q0	table-1111-100	16	0.724846153846	smarttable
11	Q0	table-0410-214	17	0.721846153846	smarttable
11	Q0	table-1080-516	18	0.698846153846	smarttable
11	Q0	table-0313-781	19	0.698846153846	smarttable
11	Q0	table-0265-529	20	0.696714285714	smarttable
12	Q0	table-1315-700	1	0.515666666667	smarttable
12	Q0	table-1653-388	2	0.416	smarttable
12	Q0	table-0943-565	3	0.382	smarttable
12	Q0	table-1204-834	4	0.348	smarttable
12	Q0	table-1580-56	5	0.34	smarttable
12	Q0	table-0146-574	6	0.326666666667	smarttable
12	Q0	table-1596-10	7	0.326	smarttable
12	Q0	table-0077-563	8	0.319727272727	smarttable
12	Q0	table-0146-573	9	0.30680952381	smarttable
12	Q0	table-1420-566	10	0.291666666667	smarttable
12	Q0	table-0880-401	11	0.289	smarttable
12	Q0	table-0016-922	12	0.281666666667	smarttable
12	Q0	table-0012-373	13	0.273666666667	smarttable
12	Q0	table-0159-635	14	0.254	smarttable
12	Q0	table-1028-382	15	0.223666666667	smarttable
12	Q0	table-0831-904	16	0.207666666667	smarttable
12	Q0	table-1290-247	17	0.201666666667	smarttable
12	Q0	table-0972-522	18	0.17	smarttable
12	Q0	table-1119-799	19	0.165	smarttable
12	Q0	table-0256-406	20	0.158	smarttable
13	Q0	table-1613-935	1	1.35	smarttable
13	Q0	table-0482-24	2	1.246	smarttable
13	Q0	table-0610-56	3	1.198	smarttable
13	Q0	table-0263-444	4	1.084	smarttable
13	Q0	table-1447-381	5	1.075	smarttable
13	Q0	table-1640-284	6	1.023	smarttable
13	Q0	table-0311-394	7	0.999	smarttable
13	Q0	table-1320-890	8	0.993	smarttable
13	Q0	table-1447-380	9	0.987	smarttable
13	Q0	table-0204-990	10	0.98175	smarttable
13	Q0	table-1365-737	11	0.981	smarttable
13	Q0	table-1597-359	12	0.85675	smarttable
13	Q0	table-0686-862	13	0.832	smarttable
13	Q0	table-1545-121	14	0.825	smarttable
13	Q0	table-0311-393	15	0.71475	smarttable
13	Q0	table-1036-133	16	0.704	smarttable
13	Q0	table-1647-839	17	0.686	smarttable
13	Q0	table-0925-91	18	0.651	smarttable
13	Q0	table-0716-591	19	0.6428	smarttable
13	Q0	table-1515-997	20	0.519	smarttable
14	Q0	table-1579-731	1	0.546	smarttable
14	Q0	table-1277-865	2	0.467	smarttable
14	Q0	table-0354-325	3	0.44	smarttable
14	Q0	table-1281-687	4	0.236	smarttable
14	Q0	table-1277-861	5	0.231	smarttable
14	Q0	table-1277-863	6	0.212	smarttable
14	Q0	table-0833-423	7	0.21	smarttable
14	Q0	table-1358-137	8	0.202	smarttable
14	Q0	table-1012-862	9	0.194	smarttable
14	Q0	table-0896-9	10	0.193	smarttable
14	Q0	table-0833-422	11	0.192	smarttable
14	Q0	table-1012-845	12	0.178	smarttable
14	Q0	table-1250-339	13	0.173	smarttable
14	Q0	table-1392-358	14	0.153	smarttable
14	Q0	table-1638-764	15	0.151	smarttable
14	Q0	table-1553-694	16	0.141	smarttable
14	Q0	table-0149-434	17	0.136	smarttable
14	Q0	table-1579-348	18	0.127	smarttable
14	Q0	table-0370-691	19	0.125	smarttable
14	Q0	table-1509-303	20	0.11	smarttable
15	Q0	table-1413-648	1	0.905	smarttable
15	Q0	table-1413-655	2	0.903	smarttable
15	Q0	table-1413-652	3	0.902	smarttable
15	Q0	table-1413-649	4	0.88	smarttable
15	Q0	table-1289-865	5	0.864	smarttable
15	Q0	table-1247-799	6	0.63	smarttable
15	Q0	table-0586-830	7	0.62	smarttable
15	Q0	table-0586-829	8	0.617	smarttable
15	Q0	table-0842-845	9	0.551	smarttable
15	Q0	table-0367-101	10	0.529	smarttable
15	Q0	table-0311-758	11	0.518	smarttable
15	Q0	table-1107-806	12	0.491	smarttable
15	Q0	table-0306-942	13	0.482	smarttable
15	Q0	table-0311-996	14	0.444	smarttable
15	Q0	table-0308-599	15	0.426	smarttable
15	Q0	table-1247-798	16	0.42	smarttable
15	Q0	table-0311-811	17	0.406	smarttable
15	Q0	table-1332-348	18	0.406	smarttable
15	Q0	table-0312-31	19	0.39	smarttable
15	Q0	table-0312-4	20	0.386	smarttable
16	Q0	table-0401-729	1	1.099	smarttable
16	Q0	table-0704-620	2	0.784	smarttable
16	Q0	table-0172-991	3	0.7561	smarttable
16	Q0	table-0096-57	4	0.6931	smarttable
16	Q0	table-0431-12	5	0.658142857143	smarttable
16	Q0	table-1180-888	6	0.65	smarttable
16	Q0	table-1515-757	7	0.42	smarttable
16	Q0	table-0336-744	8	0.411211111111	smarttable
16	Q0	table-0523-269	9	0.411	smarttable
16	Q0	table-1424-415	10	0.385111111111	smarttable
16	Q0	table-0766-472	11	0.3801	smarttable
16	Q0	table-0633-236	12	0.369	smarttable
16	Q0	table-1441-100	13	0.349861111111	smarttable
16	Q0	table-0949-855	14	0.3435	smarttable
16	Q0	table-1573-732	15	0.343	smarttable
16	Q0	table-0056-298	16	0.3161	smarttable
16	Q0	table-1007-407	17	0.28	smarttable
16	Q0	table-0705-117	18	0.255	smarttable
16	Q0	table-1039-839	19	0.22	smarttable
16	Q0	table-0811-503	20	0.219	smarttable
17	Q0	table-0677-684	1	0.897	smarttable
17	Q0	table-1258-777	2	0.837	smarttable
17	Q0	table-0160-841	3	0.818	smarttable
17	Q0	table-0140-687	4	0.794	smarttable
17	Q0	table-1027-79	5	0.788	smarttable
17	Q0	table-0160-842	6	0.745	smarttable
17	Q0	table-1554-655	7	0.737	smarttable
17	Q0	table-1442-99	8	0.727	smarttable
17	Q0	table-1365-564	9	0.716	smarttable
17	Q0	table-1442-96	10	0.714	smarttable
17	Q0	table-1442-90	11	0.707	smarttable
17	Q0	table-1442-88	12	0.702	smarttable
17	Q0	table-1442-91	13	0.697	smarttable
17	Q0	table-1027-78	14	0.684	smarttable
17	Q0	table-1529-721	15	0.676	smarttable
17	Q0	table-1442-92	16	0.669	smarttable
17	Q0	table-1442-78	17	0.66	smarttable
17	Q0	table-0232-667	18	0.648	smarttable
17	Q0	table-1442-89	19	0.64	smarttable
17	Q0	table-1571-18	20	0.627	smarttable
18	Q0	table-0884-202	1	1.261	smarttable
18	Q0	table-0024-849	2	1.1828	smarttable
18	Q0	table-0024-850	3	1.1758	smarttable
18	Q0	table-0024-851	4	1.1718	smarttable
18	Q0	table-0650-177	5	1.126	smarttable
18	Q0	table-0024-852	6	1.1218	smarttable
18	Q0	table-0575-338	7	1.098	smarttable
18	Q0	table-0884-203	8	1.095	smarttable
18	Q0	table-0650-180	9	1.094	smarttable
18	Q0	table-0650-179	10	1.017	smarttable
18	Q0	table-1515-871	11	0.965	smarttable
18	Q0	table-0650-178	12	0.914	smarttable
18	Q0	table-0588-897	13	0.862	smarttable
18	Q0	table-0757-699	14	0.838	smarttable
18	Q0	table-0871-314	15	0.826	smarttable
18	Q0	table-0587-437	16	0.781	smarttable
18	Q0	table-0176-451	17	0.743	smarttable
18	Q0	table-0899-963	18	0.673	smarttable
18	Q0	table-0148-534	19	0.633	smarttable
18	Q0	table-0493-911	20	0.633	smarttable
19	Q0	table-1453-183	1	0.594	smarttable
19	Q0	table-0090-107	2	0.54	smarttable
19	Q0	table-1453-180	3	0.529	smarttable
19	Q0	table-1453-184	4	0.496	smarttable
19	Q0	table-1453-178	5	0.387	smarttable
19	Q0	table-0540-631	6	0.312	smarttable
19	Q0	table-1069-733	7	0.31	smarttable
19	Q0	table-1069-756	8	0.308	smarttable
19	Q0	table-1352-406	9	0.307	smarttable
19	Q0	table-1605-522	10	0.291	smarttable
19	Q0	table-0009-819	11	0.27	smarttable
19	Q0	table-0985-716	12	0.25	smarttable
19	Q0	table-0292-548	13	0.194	smarttable
19	Q0	table-1604-500	14	0.184	smarttable
19	Q0	table-1069-764	15	0.176	smarttable
19	Q0	table-0578-304	16	0.164	smarttable
19	Q0	table-0258-771	17	0.161	smarttable
19	Q0	table-0922-919	18	0.143	smarttable
19	Q0	table-1630-157	19	0.141	smarttable
19	Q0	table-0747-199	20	0.141	smarttable
20	Q0	table-1591-498	1	1.485	smarttable
20	Q0	table-1628-974	2	1.41	smarttable
20	Q0	table-1628-977	3	1.367	smarttable
20	Q0	table-1628-972	4	1.36	smarttable
20	Q0	table-1628-975	5	1.36	smarttable
20	Q0	table-1628-973	6	1.352	smarttable
20	Q0	table-1628-976	7	1.341	smarttable
20	Q0	table-1628-971	8	1.341	smarttable
20	Q0	table-1628-969	9	1.336	smarttable
20	Q0	table-1628-970	10	1.334	smarttable
20	Q0	table-0552-212	11	1.302	smarttable
20	Q0	table-0202-12	12	1.294	smarttable
20	Q0	table-0552-213	13	1.26	smarttable
20	Q0	table-0636-282	14	1.077	smarttable
20	Q0	table-1531-714	15	1.064	smarttable
20	Q0	table-1531-715	16	1.06	smarttable
20	Q0	table-0397-907	17	1.03272727273	smarttable
20	Q0	table-1420-810	18	1.00172727273	smarttable
20	Q0	table-0397-906	19	1.00072727273	smarttable
20	Q0	table-1051-457	20	0.994727272727	smarttable
21	Q0	table-0825-384	1	0.914	smarttable
21	Q0	table-0222-392	2	0.85	smarttable
21	Q0	table-1350-462	3	0.841	smarttable
21	Q0	table-0057-386	4	0.752	smarttable
21	Q0	table-0167-101	5	0.513	smarttable
21	Q0	table-1207-486	6	0.494	smarttable
21	Q0	table-0061-292	7	0.385	smarttable
21	Q0	table-1295-879	8	0.337	smarttable
21	Q0	table-1448-537	9	0.327	smarttable
21	Q0	table-1102-27	10	0.307	smarttable
21	Q0	table-1035-871	11	0.285	smarttable
21	Q0	table-1227-229	12	0.280142857143	smarttable
21	Q0	table-0546-462	13	0.277	smarttable
21	Q0	table-1035-872	14	0.269	smarttable
21	Q0	table-1493-389	15	0.268	smarttable
21	Q0	table-1566-260	16	0.265	smarttable
21	Q0	table-0496-390	17	0.255	smarttable
21	Q0	table-1003-161	18	0.253	smarttable
21	Q0	table-0161-288	19	0.243	smarttable
21	Q0	table-0098-94	20	0.242	smarttable
22	Q0	table-0364-40	1	0.412	smarttable
22	Q0	table-0364-38	2	0.376	smarttable
22	Q0	table-0695-982	3	0.276	smarttable
22	Q0	table-0532-499	4	0.181	smarttable
22	Q0	table-1067-275	5	0.174	smarttable
22	Q0	table-0406-400	6	0.166	smarttable
22	Q0	table-0366-773	7	0.165	smarttable
22	Q0	table-0401-930	8	0.149	smarttable
22	Q0	table-0366-775	9	0.139	smarttable
22	Q0	table-1454-460	10	0.122	smarttable
22	Q0	table-0295-94	11	0.119	smarttable
22	Q0	table-0640-506	12	0.117	smarttable
22	Q0	table-0173-237	13	0.115	smarttable
22	Q0	table-1258-446	14	0.112	smarttable
22	Q0	table-1049-506	15	0.111	smarttable
22	Q0	table-1570-558	16	0.11	smarttable
22	Q0	table-0366-777	17	0.109	smarttable
22	Q0	table-0591-574	18	0.097	smarttable
22	Q0	table-0039-982	19	0.089	smarttable
22	Q0	table-0415-112	20	0.082	smarttable
23	Q0	table-1070-326	1	1.259	smarttable
23	Q0	table-0813-442	2	1.243	smarttable
23	Q0	table-1420-880	3	1.236	smarttable
23	Q0	table-1070-327	4	1.149	smarttable
23	Q0	table-0209-363	5	1.038	smarttable
23	Q0	table-0830-358	6	1.037	smarttable
23	Q0	table-1554-331	7	1.036	smarttable
23	Q0	table-1521-789	8	0.99	smarttable
23	Q0	table-1554-330	9	0.967	smarttable
23	Q0	table-0458-601	10	0.967	smarttable
23	Q0	table-0270-496	11	0.944	smarttable
23	Q0	table-0333-158	12	0.93	smarttable
23	Q0	table-1587-825	13	0.91	smarttable
23	Q0	table-0498-297	14	0.863	smarttable
23	Q0	table-0103-625	15	0.823	smarttable
23	Q0	table-0244-3	16	0.81	smarttable
23	Q0	table-1007-467	17	0.805	smarttable
23	Q0	table-1636-132	18	0.8	smarttable
23	Q0	table-1176-644	19	0.789	smarttable
23	Q0	table-1579-470	20	0.75	smarttable
24	Q0	table-0202-593	1	0.846	smarttable
24	Q0	table-0468-712	2	0.814	smarttable
24	Q0	table-1452-736	3	0.785	smarttable
24	Q0	table-0581-69	4	0.769	smarttable
24	Q0	table-1452-735	5	0.763	smarttable
24	Q0	table-1335-447	6	0.737	smarttable
24	Q0	table-1452-734	7	0.724	smarttable
24	Q0	table-0729-940	8	0.721	smarttable
24	Q0	table-0708-258	9	0.711	smarttable
24	Q0	table-1027-438	10	0.691	smarttable
24	Q0	table-0355-152	11	0.641	smarttable
24	Q0	table-0189-549	12	0.638	smarttable
24	Q0	table-0120-714	13	0.623	smarttable
24	Q0	table-0630-912	14	0.598	smarttable
24	Q0	table-0678-940	15	0.574	smarttable
24	Q0	table-0521-808	16	0.555	smarttable
24	Q0	table-1492-768	17	0.543	smarttable
24	Q0	table-1492-782	18	0.538	smarttable
24	Q0	table-1492-796	19	0.538	smarttable
24	Q0	table-0166-529	20	0.536	smarttable
25	Q0	table-1469-456	1	2.0	smarttable
25	Q0	table-0569-902	2	2.0	smarttable
25	Q0	table-1469-451	3	1.986	smarttable
25	Q0	table-1469-457	4	1.986	smarttable
25	Q0	table-1469-455	5	1.986	smarttable
25	Q0	table-1469-452	6	1.986	smarttable
25	Q0	table-1469-454	7	1.986	smarttable
25	Q0	table-1469-453	8	1.986	smarttable
25	Q0	table-0569-906	9	1.981	smarttable
25	Q0	table-0569-907	10	1.981	smarttable
25	Q0	table-0569-905	11	1.981	smarttable
25	Q0	table-0569-909	12	1.981	smarttable
25	Q0	table-0569-903	13	1.977	smarttable
25	Q0	table-0569-904	14	1.977	smarttable
25	Q0	table-0569-908	15	1.975	smarttable
25	Q0	table-0569-899	16	1.891	smarttable
25	Q0	table-0569-900	17	1.85	smarttable
25	Q0	table-1469-458	18	1.843	smarttable
25	Q0	table-1469-448	19	1.839	smarttable
25	Q0	table-0969-3	20	1.611	smarttable
26	Q0	table-0387-60	1	0.73	smarttable
26	Q0	table-0529-770	2	0.728	smarttable
26	Q0	table-0529-771	3	0.712928571429	smarttable
26	Q0	table-0387-47	4	0.684	smarttable
26	Q0	table-0952-496	5	0.572928571429	smarttable
26	Q0	table-0713-460	6	0.498	smarttable
26	Q0	table-0109-237	7	0.483	smarttable
26	Q0	table-0375-830	8	0.48	smarttable
26	Q0	table-1479-337	9	0.456	smarttable
26	Q0	table-0375-831	10	0.437	smarttable
26	Q0	table-0420-837	11	0.356	smarttable
26	Q0	table-1295-621	12	0.341	smarttable
26	Q0	table-1482-914	13	0.337	smarttable
26	Q0	table-0180-427	14	0.337	smarttable
26	Q0	table-0740-646	15	0.315	smarttable
26	Q0	table-0420-793	16	0.286	smarttable
26	Q0	table-0675-896	17	0.284	smarttable
26	Q0	table-0676-39	18	0.282	smarttable
26	Q0	table-0675-947	19	0.275	smarttable
26	Q0	table-0456-95	20	0.273	smarttable
27	Q0	table-0007-925	1	0.598	smarttable
27	Q0	table-0295-899	2	0.349	smarttable
27	Q0	table-0208-817	3	0.328	smarttable
27	Q0	table-0007-924	4	0.292	smarttable
27	Q0	table-0065-495	5	0.27	smarttable
27	Q0	table-1482-277	6	0.230181818182	smarttable
27	Q0	table-1438-848	7	0.218	smarttable
27	Q0	table-0610-22	8	0.201	smarttable
27	Q0	table-0804-473	9	0.194	smarttable
27	Q0	table-0826-93	10	0.18713559322	smarttable
27	Q0	table-0804-475	11	0.185	smarttable
27	Q0	table-1412-182	12	0.182	smarttable
27	Q0	table-0610-21	13	0.179	smarttable
27	Q0	table-0296-506	14	0.158	smarttable
27	Q0	table-0329-723	15	0.156	smarttable
27	Q0	table-1340-721	16	0.145	smarttable
27	Q0	table-0015-426	17	0.144	smarttable
27	Q0	table-0012-462	18	0.125	smarttable
27	Q0	table-0609-656	19	0.124	smarttable
27	Q0	table-0593-504	20	0.111	smarttable
28	Q0	table-1116-768	1	1.213	smarttable
28	Q0	table-1117-4	2	1.18	smarttable
28	Q0	table-1117-80	3	1.169	smarttable
28	Q0	table-1116-904	4	1.158	smarttable
28	Q0	table-1571-795	5	0.808	smarttable
28	Q0	table-1320-478	6	0.805	smarttable
28	Q0	table-0011-449	7	0.629	smarttable
28	Q0	table-0011-447	8	0.591	smarttable
28	Q0	table-1014-332	9	0.564	smarttable
28	Q0	table-0104-408	10	0.531	smarttable
28	Q0	table-0213-664	11	0.53	smarttable
28	Q0	table-1607-162	12	0.491	smarttable
28	Q0	table-1455-264	13	0.48	smarttable
28	Q0	table-0011-452	14	0.394	smarttable
28	Q0	table-1458-711	15	0.39	smarttable
28	Q0	table-1472-114	16	0.385	smarttable
28	Q0	table-1548-900	17	0.362	smarttable
28	Q0	table-0050-517	18	0.354666666667	smarttable
28	Q0	table-0514-801	19	0.339	smarttable
28	Q0	table-1150-885	20	0.338	smarttable
29	Q0	table-0356-611	1	1.515	smarttable
29	Q0	table-0355-972	2	1.502	smarttable
29	Q0	table-0355-422	3	1.499	smarttable
29	Q0	table-0355-804	4	1.481	smarttable
29	Q0	table-0356-511	5	1.481	smarttable
29	Q0	table-0357-725	6	1.46	smarttable
29	Q0	table-0357-944	7	1.459	smarttable
29	Q0	table-0111-77	8	1.454	smarttable
29	Q0	table-0427-720	9	1.252	smarttable
29	Q0	table-0151-397	10	1.25192857143	smarttable
29	Q0	table-0428-136	11	1.245	smarttable
29	Q0	table-0358-30	12	1.245	smarttable
29	Q0	table-0356-174	13	1.24	smarttable
29	Q0	table-0428-156	14	1.238	smarttable
29	Q0	table-0357-260	15	1.233	smarttable
29	Q0	table-0427-703	16	1.222	smarttable
29	Q0	table-0428-148	17	1.219	smarttable
29	Q0	table-0356-842	18	1.212	smarttable
29	Q0	table-0357-162	19	1.206	smarttable
29	Q0	table-0357-364	20	1.205	smarttable
30	Q0	table-0520-188	1	0.499	smarttable
30	Q0	table-1576-434	2	0.464	smarttable
30	Q0	table-1253-974	3	0.4	smarttable
30	Q0	table-1012-982	4	0.387	smarttable
30	Q0	table-1576-435	5	0.387	smarttable
30	Q0	table-1253-977	6	0.367	smarttable
30	Q0	table-1253-975	7	0.362	smarttable
30	Q0	table-1253-970	8	0.354	smarttable
30	Q0	table-1012-983	9	0.349	smarttable
30	Q0	table-1253-973	10	0.325	smarttable
30	Q0	table-1253-984	11	0.317	smarttable
30	Q0	table-1253-987	12	0.314	smarttable
30	Q0	table-0690-633	13	0.27	smarttable
30	Q0	table-0779-302	14	0.252	smarttable
30	Q0	table-0779-303	15	0.242	smarttable
30	Q0	table-1068-320	16	0.217	smarttable
30	Q0	table-0105-711	17	0.21	smarttable
30	Q0	table-0092-887	18	0.208	smarttable
30	Q0	table-1253-982	19	0.195	smarttable
30	Q0	table-1253-972	20	0.179	smarttable
31	Q0	table-1549-983	1	1.12983333333	smarttable
31	Q0	table-0873-520	2	1.11992857143	smarttable
31	Q0	table-1537-765	3	1.098	smarttable
31	Q0	table-0017-237	4	0.943	smarttable
31	Q0	table-1197-397	5	0.91	smarttable
31	Q0	table-1590-536	6	0.898	smarttable
31	Q0	table-1537-751	7	0.87	smarttable
31	Q0	table-1287-861	8	0.863	smarttable
31	Q0	table-1551-19	9	0.833	smarttable
31	Q0	table-1627-2	10	0.811	smarttable
31	Q0	table-1437-521	11	0.806	smarttable
31	Q0	table-1594-912	12	0.785833333333	smarttable
31	Q0	table-1550-999	13	0.773	smarttable
31	Q0	table-1551-37	14	0.75	smarttable
31	Q0	table-0347-736	15	0.748	smarttable
31	Q0	table-1565-676	16	0.741	smarttable
31	Q0	table-0151-848	17	0.741	smarttable
31	Q0	table-1550-209	18	0.74	smarttable
31	Q0	table-0151-840	19	0.734	smarttable
31	Q0	table-0419-518	20	0.718	smarttable
32	Q0	table-0625-421	1	0.328	smarttable
32	Q0	table-0573-741	2	0.166	smarttable
32	Q0	table-0092-585	3	0.15	smarttable
32	Q0	table-1421-186	4	0.119	smarttable
32	Q0	table-0420-88	5	0.118	smarttable
32	Q0	table-0867-339	6	0.115	smarttable
32	Q0	table-0972-522	7	0.11013559322	smarttable
32	Q0	table-0450-572	8	0.108	smarttable
32	Q0	table-0450-575	9	0.105	smarttable
32	Q0	table-0450-569	10	0.091	smarttable
32	Q0	table-1598-564	11	0.087	smarttable
32	Q0	table-1460-55	12	0.0861355932203	smarttable
32	Q0	table-0688-862	13	0.082	smarttable
32	Q0	table-1250-616	14	0.0791355932203	smarttable
32	Q0	table-0174-290	15	0.076	smarttable
32	Q0	table-1547-176	16	0.073	smarttable
32	Q0	table-1558-845	17	0.062	smarttable
32	Q0	table-1577-566	18	0.061	smarttable
32	Q0	table-1371-959	19	0.054	smarttable
32	Q0	table-0144-887	20	0.052	smarttable
33	Q0	table-1249-780	1	0.672	smarttable
33	Q0	table-1442-709	2	0.664	smarttable
33	Q0	table-0264-10	3	0.648	smarttable
33	Q0	table-0264-11	4	0.646	smarttable
33	Q0	table-0259-373	5	0.627	smarttable
33	Q0	table-1201-576	6	0.556	smarttable
33	Q0	table-0401-152	7	0.552	smarttable
33	Q0	table-0015-303	8	0.488	smarttable
33	Q0	table-0791-515	9	0.488	smarttable
33	Q0	table-0105-792	10	0.465	smarttable
33	Q0	table-0541-196	11	0.465	smarttable
33	Q0	table-1647-680	12	0.463	smarttable
33	Q0	table-0153-339	13	0.455	smarttable
33	Q0	table-0152-679	14	0.454	smarttable
33	Q0	table-1270-645	15	0.434	smarttable
33	Q0	table-0215-300	16	0.432	smarttable
33	Q0	table-0446-274	17	0.426	smarttable
33	Q0	table-0787-879	18	0.415	smarttable
33	Q0	table-0293-211	19	0.407	smarttable
33	Q0	table-1203-97	20	0.404	smarttable
34	Q0	table-0218-202	1	1.504	smarttable
34	Q0	table-1087-909	2	1.469	smarttable
34	Q0	table-0260-605	3	1.409	smarttable
34	Q0	table-1087-848	4	1.374	smarttable
34	Q0	table-0171-322	5	1.319	smarttable
34	Q0	table-1087-878	6	1.316	smarttable
34	Q0	table-1087-836	7	1.303	smarttable
34	Q0	table-1087-917	8	1.289	smarttable
34	Q0	table-1087-874	9	1.285	smarttable
34	Q0	table-1646-857	10	1.263	smarttable
34	Q0	table-1087-870	11	1.257	smarttable
34	Q0	table-1087-922	12	1.255	smarttable
34	Q0	table-1087-864	13	1.247	smarttable
34	Q0	table-1087-872	14	1.238	smarttable
34	Q0	table-1087-876	15	1.235	smarttable
34	Q0	table-1087-873	16	1.23	smarttable
34	Q0	table-1087-857	17	1.227	smarttable
34	Q0	table-1087-860	18	1.226	smarttable
34	Q0	table-1087-867	19	1.221	smarttable
34	Q0	table-1087-863	20	1.218	smarttable
35	Q0	table-0981-339	1	0.737	smarttable
35	Q0	table-1080-585	2	0.633	smarttable
35	Q0	table-0130-23	3	0.566317411402	smarttable
35	Q0	table-0452-64	4	0.55813559322	smarttable
35	Q0	table-0310-406	5	0.502	smarttable
35	Q0	table-1015-246	6	0.496	smarttable
35	Q0	table-0379-43	7	0.494	smarttable
35	Q0	table-1647-305	8	0.44	smarttable
35	Q0	table-0709-584	9	0.436	smarttable
35	Q0	table-0245-556	10	0.432	smarttable
35	Q0	table-1015-247	11	0.428	smarttable
35	Q0	table-1353-195	12	0.389181818182	smarttable
35	Q0	table-0452-590	13	0.386	smarttable
35	Q0	table-1402-905	14	0.366	smarttable
35	Q0	table-0284-100	15	0.349	smarttable
35	Q0	table-1508-914	16	0.345	smarttable
35	Q0	table-0385-764	17	0.341	smarttable
35	Q0	table-0981-699	18	0.34	smarttable
35	Q0	table-0524-308	19	0.333	smarttable
35	Q0	table-0852-34	20	0.326	smarttable
36	Q0	table-0709-586	1	0.809928571429	smarttable
36	Q0	table-0709-584	2	0.795928571429	smarttable
36	Q0	table-0385-764	3	0.571	smarttable
36	Q0	table-0385-766	4	0.552	smarttable
36	Q0	table-0385-765	5	0.542	smarttable
36	Q0	table-0385-768	6	0.531	smarttable
36	Q0	table-1334-944	7	0.27613559322	smarttable
36	Q0	table-1015-246	8	0.27	smarttable
36	Q0	table-0452-64	9	0.25913559322	smarttable
36	Q0	table-0194-547	10	0.259	smarttable
36	Q0	table-0194-549	11	0.246	smarttable
36	Q0	table-0194-548	12	0.203	smarttable
36	Q0	table-1333-198	13	0.195	smarttable
36	Q0	table-1015-247	14	0.187	smarttable
36	Q0	table-1005-652	15	0.165	smarttable
36	Q0	table-1647-305	16	0.151	smarttable
36	Q0	table-1508-914	17	0.144	smarttable
36	Q0	table-1353-195	18	0.139181818182	smarttable
36	Q0	table-1390-372	19	0.123	smarttable
36	Q0	table-1402-905	20	0.122	smarttable
37	Q0	table-0521-373	1	1.076	smarttable
37	Q0	table-1639-747	2	1.056	smarttable
37	Q0	table-0327-289	3	0.969	smarttable
37	Q0	table-1441-100	4	0.949	smarttable
37	Q0	table-1108-894	5	0.914	smarttable
37	Q0	table-1375-531	6	0.892	smarttable
37	Q0	table-0687-978	7	0.877	smarttable
37	Q0	table-0123-682	8	0.871	smarttable
37	Q0	table-1304-270	9	0.764	smarttable
37	Q0	table-1573-730	10	0.748	smarttable
37	Q0	table-0450-572	11	0.645	smarttable
37	Q0	table-0154-373	12	0.601	smarttable
37	Q0	table-0450-575	13	0.599	smarttable
37	Q0	table-0307-361	14	0.596	smarttable
37	Q0	table-0253-730	15	0.585	smarttable
37	Q0	table-0889-1	16	0.574	smarttable
37	Q0	table-0290-4	17	0.50613559322	smarttable
37	Q0	table-0400-969	18	0.473	smarttable
37	Q0	table-0878-343	19	0.467	smarttable
37	Q0	table-0910-77	20	0.452	smarttable
38	Q0	table-0520-707	1	1.32475	smarttable
38	Q0	table-1017-538	2	1.17042857143	smarttable
38	Q0	table-0116-212	3	0.964	smarttable
38	Q0	table-1640-953	4	0.803428571429	smarttable
38	Q0	table-1451-328	5	0.724428571429	smarttable
38	Q0	table-0507-56	6	0.630428571429	smarttable
38	Q0	table-0014-364	7	0.559428571429	smarttable
38	Q0	table-1274-494	8	0.536	smarttable
38	Q0	table-0403-805	9	0.525428571429	smarttable
38	Q0	table-1035-439	10	0.502228571429	smarttable
38	Q0	table-1469-598	11	0.498	smarttable
38	Q0	table-0057-365	12	0.474428571429	smarttable
38	Q0	table-1204-839	13	0.459857142857	smarttable
38	Q0	table-0180-822	14	0.432857142857	smarttable
38	Q0	table-0386-284	15	0.424428571429	smarttable
38	Q0	table-0985-943	16	0.422857142857	smarttable
38	Q0	table-0364-266	17	0.409857142857	smarttable
38	Q0	table-1363-588	18	0.399028571429	smarttable
38	Q0	table-0001-400	19	0.398428571429	smarttable
38	Q0	table-1379-82	20	0.395428571429	smarttable
39	Q0	table-1524-733	1	0.716	smarttable
39	Q0	table-0806-57	2	0.309	smarttable
39	Q0	table-0809-4	3	0.308	smarttable
39	Q0	table-0285-770	4	0.276	smarttable
39	Q0	table-0806-58	5	0.274	smarttable
39	Q0	table-0752-76	6	0.247	smarttable
39	Q0	table-1134-539	7	0.242	smarttable
39	Q0	table-0592-700	8	0.224	smarttable
39	Q0	table-0752-77	9	0.221	smarttable
39	Q0	table-1604-500	10	0.214	smarttable
39	Q0	table-1169-102	11	0.205	smarttable
39	Q0	table-0806-54	12	0.205	smarttable
39	Q0	table-1583-600	13	0.187	smarttable
39	Q0	table-1511-448	14	0.17	smarttable
39	Q0	table-1390-133	15	0.163	smarttable
39	Q0	table-1593-160	16	0.159	smarttable
39	Q0	table-0881-101	17	0.128	smarttable
39	Q0	table-0191-235	18	0.125	smarttable
39	Q0	table-1641-463	19	0.123	smarttable
39	Q0	table-1253-980	20	0.121	smarttable
40	Q0	table-1045-652	1	1.322	smarttable
40	Q0	table-0350-639	2	1.07295238095	smarttable
40	Q0	table-1031-634	3	1.015	smarttable
40	Q0	table-0138-271	4	0.979	smarttable
40	Q0	table-1053-499	5	0.90680952381	smarttable
40	Q0	table-1269-149	6	0.882071428571	smarttable
40	Q0	table-0880-38	7	0.872	smarttable
40	Q0	table-0457-316	8	0.872	smarttable
40	Q0	table-0484-507	9	0.825	smarttable
40	Q0	table-1486-330	10	0.802	smarttable
40	Q0	table-1652-618	11	0.724	smarttable
40	Q0	table-0273-259	12	0.659	smarttable
40	Q0	table-0899-319	13	0.6526	smarttable
40	Q0	table-1331-131	14	0.64	smarttable
40	Q0	table-1364-680	15	0.582	smarttable
40	Q0	table-1577-423	16	0.559	smarttable
40	Q0	table-0780-807	17	0.5566	smarttable
40	Q0	table-1389-517	18	0.548833333333	smarttable
40	Q0	table-0474-779	19	0.477	smarttable
40	Q0	table-1455-165	20	0.466071428571	smarttable
41	Q0	table-1543-912	1	0.521	smarttable
41	Q0	table-0875-234	2	0.461	smarttable
41	Q0	table-0875-227	3	0.45	smarttable
41	Q0	table-0875-230	4	0.439	smarttable
41	Q0	table-0875-237	5	0.434	smarttable
41	Q0	table-0875-235	6	0.432	smarttable
41	Q0	table-0875-223	7	0.428	smarttable
41	Q0	table-0750-136	8	0.414	smarttable
41	Q0	table-0875-228	9	0.41	smarttable
41	Q0	table-0750-134	10	0.408352941176	smarttable
41	Q0	table-0875-224	11	0.404352941176	smarttable
41	Q0	table-0875-225	12	0.399352941176	smarttable
41	Q0	table-0750-129	13	0.388352941176	smarttable
41	Q0	table-0750-128	14	0.382352941176	smarttable
41	Q0	table-0875-233	15	0.377352941176	smarttable
41	Q0	table-0750-139	16	0.365352941176	smarttable
41	Q0	table-1258-532	17	0.305352941176	smarttable
41	Q0	table-1090-240	18	0.29327027027	smarttable
41	Q0	table-1444-630	19	0.28027027027	smarttable
41	Q0	table-0427-116	20	0.277	smarttable
42	Q0	table-0498-295	1	0.595	smarttable
42	Q0	table-0498-298	2	0.559	smarttable
42	Q0	table-0498-296	3	0.539	smarttable
42	Q0	table-1396-734	4	0.38	smarttable
42	Q0	table-0012-931	5	0.37	smarttable
42	Q0	table-1396-738	6	0.336	smarttable
42	Q0	table-0302-912	7	0.334	smarttable
42	Q0	table-1396-737	8	0.324	smarttable
42	Q0	table-1397-842	9	0.324	smarttable
42	Q0	table-0342-607	10	0.316	smarttable
42	Q0	table-1258-760	11	0.308	smarttable
42	Q0	table-0496-732	12	0.303	smarttable
42	Q0	table-1396-736	13	0.293	smarttable
42	Q0	table-1396-735	14	0.279	smarttable
42	Q0	table-1069-625	15	0.25427027027	smarttable
42	Q0	table-0108-87	16	0.254	smarttable
42	Q0	table-1616-401	17	0.25	smarttable
42	Q0	table-0552-599	18	0.25	smarttable
42	Q0	table-1216-279	19	0.22	smarttable
42	Q0	table-0349-811	20	0.214	smarttable
43	Q0	table-1612-207	1	0.53	smarttable
43	Q0	table-1612-83	2	0.5016	smarttable
43	Q0	table-1611-452	3	0.488	smarttable
43	Q0	table-1611-535	4	0.486833333333	smarttable
43	Q0	table-1612-3	5	0.482833333333	smarttable
43	Q0	table-1612-45	6	0.443	smarttable
43	Q0	table-1611-980	7	0.409	smarttable
43	Q0	table-1611-936	8	0.406	smarttable
43	Q0	table-1612-63	9	0.405	smarttable
43	Q0	table-1611-882	10	0.404833333333	smarttable
43	Q0	table-1612-211	11	0.401833333333	smarttable
43	Q0	table-1609-798	12	0.400083333333	smarttable
43	Q0	table-1611-975	13	0.399	smarttable
43	Q0	table-1611-863	14	0.398083333333	smarttable
43	Q0	table-1618-598	15	0.395	smarttable
43	Q0	table-1611-875	16	0.3806	smarttable
43	Q0	table-1611-968	17	0.375083333333	smarttable
43	Q0	table-1612-18	18	0.373083333333	smarttable
43	Q0	table-1611-457	19	0.369	smarttable
43	Q0	table-1612-191	20	0.3676	smarttable
44	Q0	table-0698-537	1	0.872	smarttable
44	Q0	table-0698-538	2	0.858	smarttable
44	Q0	table-1528-923	3	0.83	smarttable
44	Q0	table-0698-536	4	0.809	smarttable
44	Q0	table-1591-383	5	0.261	smarttable
44	Q0	table-1510-14	6	0.247	smarttable
44	Q0	table-1562-617	7	0.23127027027	smarttable
44	Q0	table-1084-664	8	0.23	smarttable
44	Q0	table-0412-643	9	0.204	smarttable
44	Q0	table-0214-231	10	0.203	smarttable
44	Q0	table-1008-629	11	0.20027027027	smarttable
44	Q0	table-0949-67	12	0.186	smarttable
44	Q0	table-0208-734	13	0.17	smarttable
44	Q0	table-0461-536	14	0.163	smarttable
44	Q0	table-1373-889	15	0.1542	smarttable
44	Q0	table-1008-630	16	0.14327027027	smarttable
44	Q0	table-0645-283	17	0.13	smarttable
44	Q0	table-0472-530	18	0.12927027027	smarttable
44	Q0	table-1452-308	19	0.1292	smarttable
44	Q0	table-1146-968	20	0.1262	smarttable
45	Q0	table-0497-395	1	0.688	smarttable
45	Q0	table-1499-154	2	0.498	smarttable
45	Q0	table-0798-552	3	0.493833333333	smarttable
45	Q0	table-0774-562	4	0.473	smarttable
45	Q0	table-0854-862	5	0.464	smarttable
45	Q0	table-1516-67	6	0.449	smarttable
45	Q0	table-1075-885	7	0.428833333333	smarttable
45	Q0	table-0858-75	8	0.425	smarttable
45	Q0	table-1076-602	9	0.412	smarttable
45	Q0	table-0854-819	10	0.39	smarttable
45	Q0	table-0241-136	11	0.3892	smarttable
45	Q0	table-0376-810	12	0.386	smarttable
45	Q0	table-0998-667	13	0.383833333333	smarttable
45	Q0	table-1146-975	14	0.373	smarttable
45	Q0	table-0446-837	15	0.356	smarttable
45	Q0	table-1161-330	16	0.348	smarttable
45	Q0	table-1014-776	17	0.332	smarttable
45	Q0	table-0942-955	18	0.329	smarttable
45	Q0	table-0622-407	19	0.328	smarttable
45	Q0	table-1335-335	20	0.328	smarttable
46	Q0	table-1602-828	1	1.148	smarttable
46	Q0	table-1602-829	2	0.962	smarttable
46	Q0	table-1390-891	3	0.756	smarttable
46	Q0	table-1442-89	4	0.478	smarttable
46	Q0	table-1442-90	5	0.471	smarttable
46	Q0	table-1280-419	6	0.459	smarttable
46	Q0	table-0197-91	7	0.447	smarttable
46	Q0	table-1021-322	8	0.407	smarttable
46	Q0	table-0350-546	9	0.389	smarttable
46	Q0	table-1353-79	10	0.369	smarttable
46	Q0	table-1536-230	11	0.351	smarttable
46	Q0	table-1495-661	12	0.329	smarttable
46	Q0	table-1345-49	13	0.319	smarttable
46	Q0	table-1495-660	14	0.316	smarttable
46	Q0	table-1448-821	15	0.313	smarttable
46	Q0	table-0338-14	16	0.3	smarttable
46	Q0	table-1350-109	17	0.293	smarttable
46	Q0	table-1447-841	18	0.293	smarttable
46	Q0	table-1355-572	19	0.267	smarttable
46	Q0	table-0434-898	20	0.256	smarttable
47	Q0	table-0610-865	1	1.49	smarttable
47	Q0	table-1585-589	2	1.398	smarttable
47	Q0	table-1585-588	3	1.369	smarttable
47	Q0	table-0224-786	4	1.306	smarttable
47	Q0	table-0480-100	5	1.286	smarttable
47	Q0	table-0853-850	6	1.271	smarttable
47	Q0	table-0087-619	7	1.232	smarttable
47	Q0	table-1197-684	8	1.231	smarttable
47	Q0	table-0728-796	9	1.227	smarttable
47	Q0	table-0498-294	10	1.215	smarttable
47	Q0	table-0282-68	11	1.207	smarttable
47	Q0	table-1616-401	12	1.153	smarttable
47	Q0	table-0488-918	13	1.138	smarttable
47	Q0	table-0498-296	14	1.104	smarttable
47	Q0	table-1465-885	15	1.1	smarttable
47	Q0	table-1424-449	16	1.086	smarttable
47	Q0	table-0498-295	17	1.063	smarttable
47	Q0	table-0813-439	18	1.015	smarttable
47	Q0	table-1222-493	19	1.005	smarttable
47	Q0	table-1391-524	20	0.996	smarttable
48	Q0	table-0055-698	1	1.123	smarttable
48	Q0	table-1461-956	2	0.746	smarttable
48	Q0	table-1628-799	3	0.645	smarttable
48	Q0	table-1612-207	4	0.645	smarttable
48	Q0	table-1571-62	5	0.618076923077	smarttable
48	Q0	table-1390-665	6	0.609	smarttable
48	Q0	table-1611-506	7	0.583833333333	smarttable
48	Q0	table-1612-83	8	0.577	smarttable
48	Q0	table-1635-745	9	0.576	smarttable
48	Q0	table-1612-3	10	0.552833333333	smarttable
48	Q0	table-1137-398	11	0.539	smarttable
48	Q0	table-0459-647	12	0.52	smarttable
48	Q0	table-1612-45	13	0.479	smarttable
48	Q0	table-0456-40	14	0.465	smarttable
48	Q0	table-0371-97	15	0.453	smarttable
48	Q0	table-1612-261	16	0.447	smarttable
48	Q0	table-1611-968	17	0.425833333333	smarttable
48	Q0	table-1612-63	18	0.421	smarttable
48	Q0	table-1612-172	19	0.42	smarttable
48	Q0	table-1611-525	20	0.417833333333	smarttable
49	Q0	table-1633-945	1	0.716	smarttable
49	Q0	table-1502-45	2	0.646	smarttable
49	Q0	table-0002-320	3	0.501	smarttable
49	Q0	table-0019-690	4	0.493	smarttable
49	Q0	table-0497-834	5	0.461	smarttable
49	Q0	table-0255-225	6	0.455	smarttable
49	Q0	table-0846-443	7	0.433	smarttable
49	Q0	table-0876-486	8	0.371	smarttable
49	Q0	table-0172-230	9	0.365	smarttable
49	Q0	table-0325-192	10	0.34	smarttable
49	Q0	table-0346-490	11	0.322	smarttable
49	Q0	table-1017-379	12	0.298	smarttable
49	Q0	table-0789-909	13	0.258	smarttable
49	Q0	table-0789-871	14	0.244	smarttable
49	Q0	table-0404-288	15	0.239	smarttable
49	Q0	table-0116-205	16	0.235	smarttable
49	Q0	table-0058-281	17	0.228	smarttable
49	Q0	table-1533-500	18	0.196	smarttable
49	Q0	table-0302-912	19	0.195	smarttable
49	Q0	table-1640-352	20	0.193	smarttable
50	Q0	table-1405-724	1	1.054	smarttable
50	Q0	table-0227-700	2	1.003	smarttable
50	Q0	table-0575-909	3	0.647	smarttable
50	Q0	table-1448-914	4	0.507	smarttable
50	Q0	table-1570-787	5	0.489	smarttable
50	Q0	table-1572-706	6	0.471	smarttable
50	Q0	table-1448-837	7	0.471	smarttable
50	Q0	table-1448-638	8	0.464	smarttable
50	Q0	table-0947-828	9	0.454	smarttable
50	Q0	table-0888-964	10	0.451	smarttable
50	Q0	table-1442-712	11	0.430555555556	smarttable
50	Q0	table-0814-491	12	0.402	smarttable
50	Q0	table-1471-990	13	0.393555555556	smarttable
50	Q0	table-1443-745	14	0.392	smarttable
50	Q0	table-0194-131	15	0.391	smarttable
50	Q0	table-1448-639	16	0.383428571429	smarttable
50	Q0	table-1448-876	17	0.383	smarttable
50	Q0	table-0044-810	18	0.366	smarttable
50	Q0	table-1448-829	19	0.363	smarttable
50	Q0	table-0338-14	20	0.348	smarttable
51	Q0	table-1627-93	1	0.809	smarttable
51	Q0	table-1573-730	2	0.602	smarttable
51	Q0	table-0889-1	3	0.49	smarttable
51	Q0	table-1438-848	4	0.442	smarttable
51	Q0	table-0687-978	5	0.39	smarttable
51	Q0	table-0420-541	6	0.38	smarttable
51	Q0	table-0900-829	7	0.333	smarttable
51	Q0	table-1612-670	8	0.332	smarttable
51	Q0	table-0190-739	9	0.321	smarttable
51	Q0	table-0630-761	10	0.298	smarttable
51	Q0	table-0327-289	11	0.293	smarttable
51	Q0	table-1653-369	12	0.275	smarttable
51	Q0	table-0123-682	13	0.27	smarttable
51	Q0	table-0346-105	14	0.269	smarttable
51	Q0	table-1639-747	15	0.263	smarttable
51	Q0	table-1375-531	16	0.258	smarttable
51	Q0	table-0669-690	17	0.243	smarttable
51	Q0	table-1640-1	18	0.222	smarttable
51	Q0	table-0285-188	19	0.204	smarttable
51	Q0	table-0402-154	20	0.198	smarttable
52	Q0	table-0368-850	1	0.572	smarttable
52	Q0	table-1005-326	2	0.37	smarttable
52	Q0	table-1482-885	3	0.296	smarttable
52	Q0	table-1331-268	4	0.295	smarttable
52	Q0	table-0383-291	5	0.29	smarttable
52	Q0	table-1021-819	6	0.274	smarttable
52	Q0	table-1431-695	7	0.242	smarttable
52	Q0	table-1417-465	8	0.213	smarttable
52	Q0	table-1551-117	9	0.194	smarttable
52	Q0	table-0989-346	10	0.183	smarttable
52	Q0	table-0301-348	11	0.176263157895	smarttable
52	Q0	table-1347-123	12	0.168	smarttable
52	Q0	table-1336-806	13	0.167	smarttable
52	Q0	table-0350-520	14	0.141263157895	smarttable
52	Q0	table-0769-303	15	0.136	smarttable
52	Q0	table-0226-319	16	0.12	smarttable
52	Q0	table-1053-92	17	0.097	smarttable
52	Q0	table-1447-122	18	0.0952631578947	smarttable
52	Q0	table-0388-840	19	0.085	smarttable
52	Q0	table-0931-697	20	0.0752631578947	smarttable
53	Q0	table-0587-650	1	0.493	smarttable
53	Q0	table-0124-852	2	0.406	smarttable
53	Q0	table-0587-651	3	0.372	smarttable
53	Q0	table-0047-972	4	0.34	smarttable
53	Q0	table-1567-423	5	0.336	smarttable
53	Q0	table-0898-31	6	0.306	smarttable
53	Q0	table-1564-254	7	0.293	smarttable
53	Q0	table-0898-32	8	0.284	smarttable
53	Q0	table-0485-844	9	0.282	smarttable
53	Q0	table-0804-919	10	0.24	smarttable
53	Q0	table-0729-39	11	0.217	smarttable
53	Q0	table-0107-335	12	0.196	smarttable
53	Q0	table-0033-586	13	0.194	smarttable
53	Q0	table-0922-563	14	0.189	smarttable
53	Q0	table-0064-245	15	0.183	smarttable
53	Q0	table-1488-50	16	0.182	smarttable
53	Q0	table-0297-350	17	0.178	smarttable
53	Q0	table-0469-344	18	0.176	smarttable
53	Q0	table-0524-487	19	0.175	smarttable
53	Q0	table-0563-407	20	0.169	smarttable
54	Q0	table-0090-631	1	0.736	smarttable
54	Q0	table-0090-633	2	0.48	smarttable
54	Q0	table-1634-953	3	0.475	smarttable
54	Q0	table-0115-440	4	0.473	smarttable
54	Q0	table-1580-221	5	0.461	smarttable
54	Q0	table-1580-222	6	0.428	smarttable
54	Q0	table-1580-214	7	0.421	smarttable
54	Q0	table-1208-515	8	0.413	smarttable
54	Q0	table-0808-501	9	0.393	smarttable
54	Q0	table-1580-209	10	0.389	smarttable
54	Q0	table-0539-829	11	0.388	smarttable
54	Q0	table-1580-213	12	0.379	smarttable
54	Q0	table-1208-518	13	0.331	smarttable
54	Q0	table-1208-520	14	0.329	smarttable
54	Q0	table-0424-518	15	0.316	smarttable
54	Q0	table-1580-211	16	0.314	smarttable
54	Q0	table-1580-217	17	0.293	smarttable
54	Q0	table-1580-219	18	0.292	smarttable
54	Q0	table-1208-522	19	0.291	smarttable
54	Q0	table-1580-215	20	0.29	smarttable
55	Q0	table-0905-211	1	1.243	smarttable
55	Q0	table-0905-212	2	1.167	smarttable
55	Q0	table-0253-421	3	0.723	smarttable
55	Q0	table-0259-714	4	0.707	smarttable
55	Q0	table-1444-13	5	0.595	smarttable
55	Q0	table-0634-466	6	0.389	smarttable
55	Q0	table-1605-266	7	0.321	smarttable
55	Q0	table-1411-1000	8	0.303	smarttable
55	Q0	table-1565-115	9	0.301	smarttable
55	Q0	table-0107-797	10	0.29	smarttable
55	Q0	table-1370-149	11	0.287	smarttable
55	Q0	table-1018-214	12	0.287	smarttable
55	Q0	table-0553-825	13	0.262	smarttable
55	Q0	table-1356-971	14	0.252	smarttable
55	Q0	table-1370-151	15	0.228	smarttable
55	Q0	table-0480-973	16	0.2216	smarttable
55	Q0	table-0798-652	17	0.217	smarttable
55	Q0	table-1265-769	18	0.216	smarttable
55	Q0	table-1015-954	19	0.214	smarttable
55	Q0	table-1370-150	20	0.183	smarttable
56	Q0	table-0546-964	1	1.469	smarttable
56	Q0	table-1114-461	2	1.25	smarttable
56	Q0	table-1510-622	3	1.162	smarttable
56	Q0	table-0546-965	4	1.141	smarttable
56	Q0	table-0514-315	5	1.019	smarttable
56	Q0	table-1181-620	6	1.018	smarttable
56	Q0	table-0546-963	7	0.998	smarttable
56	Q0	table-1265-636	8	0.973	smarttable
56	Q0	table-1177-208	9	0.94	smarttable
56	Q0	table-0514-321	10	0.938	smarttable
56	Q0	table-0548-553	11	0.857	smarttable
56	Q0	table-1436-698	12	0.85	smarttable
56	Q0	table-1450-964	13	0.752	smarttable
56	Q0	table-0548-554	14	0.75	smarttable
56	Q0	table-0151-825	15	0.71	smarttable
56	Q0	table-1559-591	16	0.674	smarttable
56	Q0	table-1448-80	17	0.629	smarttable
56	Q0	table-0514-268	18	0.623	smarttable
56	Q0	table-1479-565	19	0.608	smarttable
56	Q0	table-0234-862	20	0.603	smarttable
57	Q0	table-0838-403	1	0.584	smarttable
57	Q0	table-0094-982	2	0.546	smarttable
57	Q0	table-0907-558	3	0.503	smarttable
57	Q0	table-1098-540	4	0.491	smarttable
57	Q0	table-0838-400	5	0.476	smarttable
57	Q0	table-0144-708	6	0.475	smarttable
57	Q0	table-0907-688	7	0.466	smarttable
57	Q0	table-1356-645	8	0.436	smarttable
57	Q0	table-0211-555	9	0.429	smarttable
57	Q0	table-1611-666	10	0.426	smarttable
57	Q0	table-0760-684	11	0.418	smarttable
57	Q0	table-0834-347	12	0.405	smarttable
57	Q0	table-0895-528	13	0.385	smarttable
57	Q0	table-0212-250	14	0.38	smarttable
57	Q0	table-1547-841	15	0.376	smarttable
57	Q0	table-1316-990	16	0.373	smarttable
57	Q0	table-0212-251	17	0.344	smarttable
57	Q0	table-1333-146	18	0.339	smarttable
57	Q0	table-0212-252	19	0.337	smarttable
57	Q0	table-1542-271	20	0.328	smarttable
58	Q0	table-0721-948	1	0.581	smarttable
58	Q0	table-0547-658	2	0.538	smarttable
58	Q0	table-0721-949	3	0.464	smarttable
58	Q0	table-1311-373	4	0.396	smarttable
58	Q0	table-1288-783	5	0.319	smarttable
58	Q0	table-0978-10	6	0.315	smarttable
58	Q0	table-0462-618	7	0.247	smarttable
58	Q0	table-0606-7	8	0.233	smarttable
58	Q0	table-1356-303	9	0.221	smarttable
58	Q0	table-1091-792	10	0.171	smarttable
58	Q0	table-1127-239	11	0.17	smarttable
58	Q0	table-0817-634	12	0.163	smarttable
58	Q0	table-0627-582	13	0.16	smarttable
58	Q0	table-0651-51	14	0.159	smarttable
58	Q0	table-0085-87	15	0.157	smarttable
58	Q0	table-1546-518	16	0.155	smarttable
58	Q0	table-1620-672	17	0.152	smarttable
58	Q0	table-1361-246	18	0.142	smarttable
58	Q0	table-0302-402	19	0.124	smarttable
58	Q0	table-1385-697	20	0.121	smarttable
59	Q0	table-1054-794	1	1.039	smarttable
59	Q0	table-1264-76	2	0.82	smarttable
59	Q0	table-1542-144	3	0.772	smarttable
59	Q0	table-1542-143	4	0.735	smarttable
59	Q0	table-1621-797	5	0.511	smarttable
59	Q0	table-0474-103	6	0.502	smarttable
59	Q0	table-1421-438	7	0.479	smarttable
59	Q0	table-1421-433	8	0.477	smarttable
59	Q0	table-1219-20	9	0.477	smarttable
59	Q0	table-1490-102	10	0.468	smarttable
59	Q0	table-0478-50	11	0.39	smarttable
59	Q0	table-1627-819	12	0.334	smarttable
59	Q0	table-1437-680	13	0.326	smarttable
59	Q0	table-1488-994	14	0.232	smarttable
59	Q0	table-0859-400	15	0.224	smarttable
59	Q0	table-0063-984	16	0.217	smarttable
59	Q0	table-0043-587	17	0.186	smarttable
59	Q0	table-0073-146	18	0.175	smarttable
59	Q0	table-1524-552	19	0.162	smarttable
59	Q0	table-0801-851	20	0.157	smarttable
60	Q0	table-0030-123	1	1.146	smarttable
60	Q0	table-1568-191	2	1.118	smarttable
60	Q0	table-0249-823	3	1.041	smarttable
60	Q0	table-1052-957	4	1.034	smarttable
60	Q0	table-0902-57	5	1.031	smarttable
60	Q0	table-1052-535	6	1.03	smarttable
60	Q0	table-1577-496	7	1.023	smarttable
60	Q0	table-0877-317	8	0.962	smarttable
60	Q0	table-0245-966	9	0.957	smarttable
60	Q0	table-1389-290	10	0.955	smarttable
60	Q0	table-0243-807	11	0.946	smarttable
60	Q0	table-1464-4	12	0.943	smarttable
60	Q0	table-1279-578	13	0.924	smarttable
60	Q0	table-0440-409	14	0.901	smarttable
60	Q0	table-1353-328	15	0.897	smarttable
60	Q0	table-0379-27	16	0.883	smarttable
60	Q0	table-0497-384	17	0.883	smarttable
60	Q0	table-1604-834	18	0.873	smarttable
60	Q0	table-0872-44	19	0.828	smarttable
60	Q0	table-1053-407	20	0.778	smarttable
